name,num_qbt,num_gate,num_cx,num_+real_cx,cx_ratio,in_depth,out_depth,depth_ratio
_20QBT_large_gate_opt1_10_1.5_no.7.qasm,20,350,138,24,1.1739,68,94,1.3824
_20QBT_large_gate_opt2_20_1.5_no.3.qasm,20,318,126,54,1.4286,67,98,1.4627
_20QBT_large_gate_opt1_5_1.5_no.5.qasm,20,176,70,12,1.1714,37,54,1.4595
_20QBT_large_gate_opt2_1_1.5_no.0.qasm,17,61,24,6,1.25,12,16,1.3333
_20QBT_large_gate_opt1_2_1.5_no.4.qasm,19,81,32,6,1.1875,13,18,1.3846
_20QBT_large_gate_opt1_15_1.5_no.8.qasm,20,499,198,42,1.2121,89,132,1.4831
_20QBT_large_gate_opt2_2_1.5_no.1.qasm,16,63,25,6,1.24,13,18,1.3846
_20QBT_large_gate_opt1_1_1.5_no.5.qasm,19,63,25,3,1.12,10,13,1.3
_20QBT_large_gate_opt2_15_1.5_no.6.qasm,20,288,115,48,1.4174,54,87,1.6111
_20QBT_large_gate_opt1_25_1.5_no.2.qasm,20,828,328,66,1.2012,161,239,1.4845
_20QBT_large_gate_opt2_10_1.5_no.9.qasm,20,201,80,27,1.3375,40,48,1.2
_20QBT_large_gate_opt2_5_1.5_no.0.qasm,19,129,51,12,1.2353,26,32,1.2308
_20QBT_large_gate_opt2_4_1.5_no.3.qasm,17,88,35,12,1.3429,18,27,1.5
_20QBT_large_gate_opt1_5_1.5_no.9.qasm,20,201,80,15,1.1875,40,55,1.375
_20QBT_large_gate_opt1_2_1.5_no.8.qasm,19,90,36,6,1.1667,18,24,1.3333
_20QBT_large_gate_opt2_3_1.5_no.2.qasm,19,78,31,12,1.3871,15,21,1.4
_20QBT_large_gate_opt1_0_1.5_no.6.qasm,15,33,13,0,1.0,6,6,1.0
_20QBT_large_gate_opt1_15_1.5_no.4.qasm,20,506,201,36,1.1791,88,111,1.2614
_20QBT_large_gate_opt2_25_1.5_no.0.qasm,20,441,175,72,1.4114,78,129,1.6538
_20QBT_large_gate_opt1_1_1.5_no.9.qasm,18,56,22,3,1.1364,9,12,1.3333
_20QBT_large_gate_opt2_0_1.5_no.3.qasm,12,23,9,0,1.0,6,6,1.0
_20QBT_large_gate_opt1_3_1.5_no.7.qasm,20,114,45,9,1.2,26,39,1.5
_20QBT_large_gate_opt1_4_1.5_no.6.qasm,18,167,66,12,1.1818,34,50,1.4706
_20QBT_large_gate_opt2_10_1.5_no.5.qasm,19,187,74,27,1.3649,35,47,1.3429
_20QBT_large_gate_opt1_20_1.5_no.1.qasm,20,681,270,57,1.2111,132,191,1.447
_20QBT_large_gate_opt2_10_1.5_no.4.qasm,20,179,71,30,1.4225,30,51,1.7
_20QBT_large_gate_opt1_20_1.5_no.0.qasm,20,680,270,48,1.1778,143,187,1.3077
_20QBT_large_gate_opt1_4_1.5_no.7.qasm,20,156,62,12,1.1935,28,38,1.3571
_20QBT_large_gate_opt1_3_1.5_no.6.qasm,20,121,48,9,1.1875,21,27,1.2857
_20QBT_large_gate_opt2_0_1.5_no.2.qasm,13,28,11,0,1.0,8,8,1.0
_20QBT_large_gate_opt1_1_1.5_no.8.qasm,18,61,24,3,1.125,13,13,1.0
_20QBT_large_gate_opt1_0_1.5_no.7.qasm,15,33,13,0,1.0,6,6,1.0
_20QBT_large_gate_opt1_15_1.5_no.5.qasm,20,508,201,45,1.2239,79,113,1.4304
_20QBT_large_gate_opt2_25_1.5_no.1.qasm,20,435,173,75,1.4335,77,116,1.5065
_20QBT_large_gate_opt2_3_1.5_no.3.qasm,20,101,40,12,1.3,18,21,1.1667
_20QBT_large_gate_opt1_2_1.5_no.9.qasm,18,86,34,6,1.1765,17,21,1.2353
_20QBT_large_gate_opt1_5_1.5_no.8.qasm,20,197,78,15,1.1923,38,47,1.2368
_20QBT_large_gate_opt2_4_1.5_no.2.qasm,18,106,42,12,1.2857,20,28,1.4
_20QBT_large_gate_opt2_10_1.5_no.8.qasm,20,191,76,30,1.3947,34,46,1.3529
_20QBT_large_gate_opt2_5_1.5_no.1.qasm,20,126,50,15,1.3,24,26,1.0833
_20QBT_large_gate_opt2_15_1.5_no.7.qasm,20,288,114,48,1.4211,50,72,1.44
_20QBT_large_gate_opt1_25_1.5_no.3.qasm,20,825,327,60,1.1835,156,203,1.3013
_20QBT_large_gate_opt1_1_1.5_no.4.qasm,19,65,26,3,1.1154,13,13,1.0
_20QBT_large_gate_opt2_2_1.5_no.0.qasm,19,68,27,6,1.2222,16,22,1.375
_20QBT_large_gate_opt1_15_1.5_no.9.qasm,20,534,212,42,1.1981,87,137,1.5747
_20QBT_large_gate_opt1_2_1.5_no.5.qasm,19,98,39,6,1.1538,18,30,1.6667
_20QBT_large_gate_opt2_1_1.5_no.1.qasm,18,63,25,6,1.24,12,16,1.3333
_20QBT_large_gate_opt1_10_1.5_no.6.qasm,20,333,132,30,1.2273,61,99,1.623
_20QBT_large_gate_opt2_20_1.5_no.2.qasm,20,345,137,51,1.3723,55,91,1.6545
_20QBT_large_gate_opt1_5_1.5_no.4.qasm,20,187,74,15,1.2027,29,44,1.5172
_20QBT_large_gate_opt2_4_1.5_no.5.qasm,20,86,34,9,1.2647,15,21,1.4
_20QBT_large_gate_opt2_20_1.5_no.9.qasm,20,348,138,57,1.413,72,98,1.3611
_20QBT_large_gate_opt2_3_1.5_no.4.qasm,20,90,36,12,1.3333,15,20,1.3333
_20QBT_large_gate_opt1_15_1.5_no.2.qasm,20,493,196,42,1.2143,85,118,1.3882
_20QBT_large_gate_opt2_25_1.5_no.6.qasm,20,431,171,75,1.4386,69,118,1.7101
_20QBT_large_gate_opt1_0_1.5_no.0.qasm,13,28,11,0,1.0,6,6,1.0
_20QBT_large_gate_opt2_0_1.5_no.5.qasm,17,33,13,0,1.0,7,7,1.0
_20QBT_large_gate_opt1_25_1.5_no.8.qasm,20,814,323,72,1.2229,131,198,1.5115
_20QBT_large_gate_opt1_3_1.5_no.1.qasm,20,123,49,9,1.1837,24,29,1.2083
_20QBT_large_gate_opt1_4_1.5_no.0.qasm,19,166,66,12,1.1818,31,43,1.3871
_20QBT_large_gate_opt2_10_1.5_no.3.qasm,20,191,76,30,1.3947,34,48,1.4118
_20QBT_large_gate_opt1_20_1.5_no.7.qasm,20,669,265,60,1.2264,112,168,1.5
_20QBT_large_gate_opt2_4_1.5_no.9.qasm,19,129,51,12,1.2353,24,30,1.25
_20QBT_large_gate_opt1_5_1.5_no.3.qasm,20,182,72,15,1.2083,31,39,1.2581
_20QBT_large_gate_opt1_10_1.5_no.1.qasm,20,343,136,24,1.1765,64,86,1.3438
_20QBT_large_gate_opt2_20_1.5_no.5.qasm,20,335,133,54,1.406,65,99,1.5231
_20QBT_large_gate_opt2_1_1.5_no.6.qasm,18,68,27,3,1.1111,10,12,1.2
_20QBT_large_gate_opt1_2_1.5_no.2.qasm,20,100,40,6,1.15,17,23,1.3529
_20QBT_large_gate_opt2_3_1.5_no.8.qasm,20,98,39,12,1.3077,16,23,1.4375
_20QBT_large_gate_opt2_2_1.5_no.7.qasm,18,70,28,6,1.2143,14,17,1.2143
_20QBT_large_gate_opt1_1_1.5_no.3.qasm,17,65,26,3,1.1154,21,23,1.0952
_20QBT_large_gate_opt2_0_1.5_no.9.qasm,14,28,11,0,1.0,7,7,1.0
_20QBT_large_gate_opt2_15_1.5_no.0.qasm,20,255,101,39,1.3861,59,84,1.4237
_20QBT_large_gate_opt1_25_1.5_no.4.qasm,20,829,329,72,1.2188,147,218,1.483
_20QBT_large_gate_opt2_5_1.5_no.6.qasm,20,123,49,18,1.3673,22,31,1.4091
_20QBT_large_gate_opt2_5_1.5_no.7.qasm,20,122,48,18,1.375,21,24,1.1429
_20QBT_large_gate_opt2_0_1.5_no.8.qasm,15,38,15,0,1.0,8,8,1.0
_20QBT_large_gate_opt2_15_1.5_no.1.qasm,20,291,116,45,1.3879,51,72,1.4118
_20QBT_large_gate_opt1_25_1.5_no.5.qasm,20,840,333,63,1.1892,152,204,1.3421
_20QBT_large_gate_opt1_1_1.5_no.2.qasm,19,70,28,3,1.1071,14,16,1.1429
_20QBT_large_gate_opt2_2_1.5_no.6.qasm,19,66,26,6,1.2308,14,14,1.0
_20QBT_large_gate_opt2_3_1.5_no.9.qasm,17,84,33,9,1.2727,27,32,1.1852
_20QBT_large_gate_opt1_2_1.5_no.3.qasm,19,98,39,6,1.1538,21,27,1.2857
_20QBT_large_gate_opt2_1_1.5_no.7.qasm,17,63,25,6,1.24,14,17,1.2143
_20QBT_large_gate_opt1_5_1.5_no.2.qasm,20,193,77,15,1.1948,38,50,1.3158
_20QBT_large_gate_opt1_10_1.5_no.0.qasm,20,330,131,30,1.229,66,89,1.3485
_20QBT_large_gate_opt2_20_1.5_no.4.qasm,20,350,139,48,1.3453,55,75,1.3636
_20QBT_large_gate_opt2_4_1.5_no.8.qasm,18,84,33,12,1.3636,14,23,1.6429
_20QBT_large_gate_opt2_10_1.5_no.2.qasm,19,176,70,27,1.3857,32,51,1.5938
_20QBT_large_gate_opt1_20_1.5_no.6.qasm,20,671,266,51,1.1917,122,160,1.3115
_20QBT_large_gate_opt1_4_1.5_no.1.qasm,20,158,63,12,1.1905,26,38,1.4615
_20QBT_large_gate_opt1_3_1.5_no.0.qasm,20,131,52,9,1.1731,22,32,1.4545
_20QBT_large_gate_opt2_0_1.5_no.4.qasm,13,28,11,0,1.0,7,7,1.0
_20QBT_large_gate_opt1_25_1.5_no.9.qasm,20,817,324,54,1.1667,163,228,1.3988
_20QBT_large_gate_opt1_15_1.5_no.3.qasm,20,503,200,33,1.165,90,126,1.4
_20QBT_large_gate_opt2_25_1.5_no.7.qasm,20,428,170,72,1.4235,71,115,1.6197
_20QBT_large_gate_opt1_0_1.5_no.1.qasm,14,38,15,0,1.0,11,11,1.0
_20QBT_large_gate_opt2_3_1.5_no.5.qasm,19,85,34,12,1.3529,18,23,1.2778
_20QBT_large_gate_opt2_20_1.5_no.8.qasm,20,357,142,60,1.4225,59,101,1.7119
_20QBT_large_gate_opt2_4_1.5_no.4.qasm,20,89,35,9,1.2571,14,20,1.4286
_20QBT_large_gate_opt2_5_1.5_no.8.qasm,20,133,53,18,1.3396,26,33,1.2692
_20QBT_large_gate_opt1_20_1.5_no.5.qasm,20,650,258,51,1.1977,116,162,1.3966
_20QBT_large_gate_opt2_10_1.5_no.1.qasm,20,181,72,30,1.4167,27,47,1.7407
_20QBT_large_gate_opt1_4_1.5_no.2.qasm,20,176,70,9,1.1286,27,42,1.5556
_20QBT_large_gate_opt1_3_1.5_no.3.qasm,20,119,47,6,1.1277,24,27,1.125
_20QBT_large_gate_opt2_0_1.5_no.7.qasm,13,25,10,0,1.0,5,5,1.0
_20QBT_large_gate_opt2_2_1.5_no.9.qasm,18,58,23,6,1.2609,11,13,1.1818
_20QBT_large_gate_opt1_0_1.5_no.2.qasm,12,33,13,0,1.0,9,9,1.0
_20QBT_large_gate_opt2_25_1.5_no.4.qasm,20,438,174,69,1.3966,84,127,1.5119
_20QBT_large_gate_opt1_15_1.5_no.0.qasm,20,484,192,45,1.2344,81,119,1.4691
_20QBT_large_gate_opt2_3_1.5_no.6.qasm,18,91,36,12,1.3333,20,28,1.4
_20QBT_large_gate_opt2_1_1.5_no.8.qasm,18,63,25,6,1.24,11,14,1.2727
_20QBT_large_gate_opt2_4_1.5_no.7.qasm,20,86,34,12,1.3529,15,22,1.4667
_20QBT_large_gate_opt2_5_1.5_no.4.qasm,20,122,48,18,1.375,22,32,1.4545
_20QBT_large_gate_opt1_20_1.5_no.9.qasm,20,652,258,54,1.2093,120,163,1.3583
_20QBT_large_gate_opt1_25_1.5_no.6.qasm,20,802,318,72,1.2264,138,211,1.529
_20QBT_large_gate_opt2_15_1.5_no.2.qasm,20,287,114,42,1.3684,54,73,1.3519
_20QBT_large_gate_opt1_1_1.5_no.1.qasm,17,58,23,3,1.1304,11,18,1.6364
_20QBT_large_gate_opt2_2_1.5_no.5.qasm,19,63,25,6,1.24,11,14,1.2727
_20QBT_large_gate_opt2_25_1.5_no.8.qasm,20,452,179,66,1.3687,77,111,1.4416
_20QBT_large_gate_opt1_2_1.5_no.0.qasm,20,88,35,6,1.1714,18,23,1.2778
_20QBT_large_gate_opt2_1_1.5_no.4.qasm,19,68,27,6,1.2222,15,15,1.0
_20QBT_large_gate_opt2_20_1.5_no.7.qasm,20,354,140,57,1.4071,60,91,1.5167
_20QBT_large_gate_opt1_10_1.5_no.3.qasm,20,347,138,30,1.2174,64,94,1.4688
_20QBT_large_gate_opt1_5_1.5_no.1.qasm,20,185,73,15,1.2055,32,44,1.375
_20QBT_large_gate_opt2_20_1.5_no.6.qasm,20,349,139,45,1.3237,56,82,1.4643
_20QBT_large_gate_opt1_10_1.5_no.2.qasm,20,349,138,21,1.1522,59,84,1.4237
_20QBT_large_gate_opt1_5_1.5_no.0.qasm,20,181,72,9,1.125,30,41,1.3667
_20QBT_large_gate_opt2_1_1.5_no.5.qasm,18,65,26,3,1.1154,13,13,1.0
_20QBT_large_gate_opt1_2_1.5_no.1.qasm,18,90,36,6,1.1667,20,22,1.1
_20QBT_large_gate_opt2_25_1.5_no.9.qasm,20,454,180,78,1.4333,81,128,1.5802
_20QBT_large_gate_opt2_2_1.5_no.4.qasm,20,101,40,9,1.225,14,17,1.2143
_20QBT_large_gate_opt1_1_1.5_no.0.qasm,17,58,23,3,1.1304,13,17,1.3077
_20QBT_large_gate_opt1_25_1.5_no.7.qasm,20,799,317,72,1.2271,137,199,1.4526
_20QBT_large_gate_opt2_15_1.5_no.3.qasm,20,281,111,45,1.4054,58,85,1.4655
_20QBT_large_gate_opt2_5_1.5_no.5.qasm,20,126,50,15,1.3,22,28,1.2727
_20QBT_large_gate_opt1_20_1.5_no.8.qasm,20,669,265,54,1.2038,115,176,1.5304
_20QBT_large_gate_opt2_4_1.5_no.6.qasm,20,103,41,9,1.2195,14,19,1.3571
_20QBT_large_gate_opt2_1_1.5_no.9.qasm,20,63,25,6,1.24,12,17,1.4167
_20QBT_large_gate_opt2_3_1.5_no.7.qasm,20,101,40,12,1.3,17,20,1.1765
_20QBT_large_gate_opt1_0_1.5_no.3.qasm,12,28,11,0,1.0,8,8,1.0
_20QBT_large_gate_opt2_25_1.5_no.5.qasm,20,421,167,63,1.3772,80,130,1.625
_20QBT_large_gate_opt1_15_1.5_no.1.qasm,20,525,208,39,1.1875,93,120,1.2903
_20QBT_large_gate_opt2_2_1.5_no.8.qasm,18,63,25,6,1.24,12,15,1.25
_20QBT_large_gate_opt2_0_1.5_no.6.qasm,16,35,14,0,1.0,6,6,1.0
_20QBT_large_gate_opt1_3_1.5_no.2.qasm,19,121,48,9,1.1875,26,34,1.3077
_20QBT_large_gate_opt1_4_1.5_no.3.qasm,20,144,57,12,1.2105,30,39,1.3
_20QBT_large_gate_opt2_5_1.5_no.9.qasm,20,133,53,18,1.3396,20,31,1.55
_20QBT_large_gate_opt1_20_1.5_no.4.qasm,20,636,252,60,1.2381,114,166,1.4561
_20QBT_large_gate_opt2_10_1.5_no.0.qasm,19,191,76,24,1.3158,34,61,1.7941
_20QBT_large_gate_opt2_5_1.5_no.2.qasm,20,126,50,15,1.3,21,36,1.7143
_20QBT_large_gate_opt1_4_1.5_no.8.qasm,20,155,62,12,1.1935,31,43,1.3871
_20QBT_large_gate_opt1_25_1.5_no.0.qasm,20,850,337,75,1.2226,134,207,1.5448
_20QBT_large_gate_opt2_15_1.5_no.4.qasm,20,284,113,48,1.4248,53,83,1.566
_20QBT_large_gate_opt1_3_1.5_no.9.qasm,20,118,47,9,1.1915,24,29,1.2083
_20QBT_large_gate_opt1_1_1.5_no.7.qasm,15,60,24,3,1.125,12,15,1.25
_20QBT_large_gate_opt2_2_1.5_no.3.qasm,17,61,24,6,1.25,12,15,1.25
_20QBT_large_gate_opt1_0_1.5_no.8.qasm,16,33,13,0,1.0,6,6,1.0
_20QBT_large_gate_opt1_2_1.5_no.6.qasm,19,93,37,6,1.1622,19,21,1.1053
_20QBT_large_gate_opt2_1_1.5_no.2.qasm,19,65,26,6,1.2308,11,14,1.2727
_20QBT_large_gate_opt1_5_1.5_no.7.qasm,20,202,80,9,1.1125,33,40,1.2121
_20QBT_large_gate_opt2_20_1.5_no.1.qasm,20,362,143,51,1.3566,68,93,1.3676
_20QBT_large_gate_opt1_10_1.5_no.5.qasm,20,359,143,27,1.1888,64,84,1.3125
_20QBT_large_gate_opt1_20_1.5_no.3.qasm,20,669,266,57,1.2143,116,166,1.431
_20QBT_large_gate_opt2_10_1.5_no.7.qasm,20,196,78,30,1.3846,31,52,1.6774
_20QBT_large_gate_opt1_4_1.5_no.4.qasm,20,166,66,6,1.0909,33,40,1.2121
_20QBT_large_gate_opt1_3_1.5_no.5.qasm,20,111,44,9,1.2045,24,30,1.25
_20QBT_large_gate_opt2_15_1.5_no.8.qasm,20,297,118,48,1.4068,62,86,1.3871
_20QBT_large_gate_opt2_0_1.5_no.1.qasm,15,30,12,0,1.0,6,6,1.0
_20QBT_large_gate_opt2_25_1.5_no.2.qasm,20,424,168,69,1.4107,72,115,1.5972
_20QBT_large_gate_opt1_15_1.5_no.6.qasm,20,495,196,42,1.2143,80,128,1.6
_20QBT_large_gate_opt1_0_1.5_no.4.qasm,15,33,13,0,1.0,6,6,1.0
_20QBT_large_gate_opt2_3_1.5_no.0.qasm,18,93,37,12,1.3243,18,21,1.1667
_20QBT_large_gate_opt1_10_1.5_no.9.qasm,20,330,131,24,1.1832,64,90,1.4062
_20QBT_large_gate_opt2_4_1.5_no.1.qasm,20,100,40,9,1.225,16,22,1.375
_20QBT_large_gate_opt2_4_1.5_no.0.qasm,18,98,39,12,1.3077,20,28,1.4
_20QBT_large_gate_opt1_10_1.5_no.8.qasm,20,353,140,27,1.1929,67,96,1.4328
_20QBT_large_gate_opt2_3_1.5_no.1.qasm,18,88,35,12,1.3429,17,26,1.5294
_20QBT_large_gate_opt2_25_1.5_no.3.qasm,20,416,165,69,1.4182,76,124,1.6316
_20QBT_large_gate_opt1_15_1.5_no.7.qasm,20,504,201,42,1.209,88,126,1.4318
_20QBT_large_gate_opt1_0_1.5_no.5.qasm,14,28,11,0,1.0,5,5,1.0
_20QBT_large_gate_opt2_15_1.5_no.9.qasm,20,281,112,42,1.375,49,81,1.6531
_20QBT_large_gate_opt2_0_1.5_no.0.qasm,16,28,11,0,1.0,5,5,1.0
_20QBT_large_gate_opt1_3_1.5_no.4.qasm,20,134,53,9,1.1698,22,25,1.1364
_20QBT_large_gate_opt1_4_1.5_no.5.qasm,20,171,68,12,1.1765,31,41,1.3226
_20QBT_large_gate_opt1_20_1.5_no.2.qasm,20,632,251,57,1.2271,116,178,1.5345
_20QBT_large_gate_opt2_10_1.5_no.6.qasm,20,208,82,33,1.4024,36,45,1.25
_20QBT_large_gate_opt1_5_1.5_no.6.qasm,20,171,68,9,1.1324,40,46,1.15
_20QBT_large_gate_opt2_20_1.5_no.0.qasm,20,339,135,48,1.3556,58,82,1.4138
_20QBT_large_gate_opt1_10_1.5_no.4.qasm,20,345,137,27,1.1971,57,92,1.614
_20QBT_large_gate_opt2_1_1.5_no.3.qasm,19,58,23,6,1.2609,14,17,1.2143
_20QBT_large_gate_opt1_2_1.5_no.7.qasm,20,99,39,6,1.1538,21,25,1.1905
_20QBT_large_gate_opt1_0_1.5_no.9.qasm,13,30,12,0,1.0,9,9,1.0
_20QBT_large_gate_opt2_2_1.5_no.2.qasm,20,61,24,6,1.25,12,19,1.5833
_20QBT_large_gate_opt1_1_1.5_no.6.qasm,18,56,22,3,1.1364,11,14,1.2727
_20QBT_large_gate_opt1_3_1.5_no.8.qasm,19,121,48,9,1.1875,23,28,1.2174
_20QBT_large_gate_opt1_25_1.5_no.1.qasm,20,815,322,63,1.1957,152,204,1.3421
_20QBT_large_gate_opt2_15_1.5_no.5.qasm,20,273,108,39,1.3611,45,71,1.5778
_20QBT_large_gate_opt1_4_1.5_no.9.qasm,20,151,60,9,1.15,27,37,1.3704
_20QBT_large_gate_opt2_5_1.5_no.3.qasm,20,119,47,15,1.3191,22,29,1.3182
