name,num_qbt,num_gate,num_cx,num_+real_cx,cx_ratio,in_depth,out_depth,depth_ratio
_53QBT_small_gate_opt2_5_1.5_no.8.qasm,37,94,37,12,1.3243,11,14,1.2727
_53QBT_small_gate_opt1_4_1.5_no.2.qasm,42,121,48,9,1.1875,16,19,1.1875
_53QBT_small_gate_opt2_20_1.5_no.4.qasm,52,285,113,51,1.4513,30,38,1.2667
_53QBT_small_gate_opt1_10_1.5_no.0.qasm,51,275,109,27,1.2477,18,26,1.4444
_53QBT_large_gate_opt2_5_1.5_no.0.qasm,50,195,78,18,1.2308,14,16,1.1429
_53QBT_large_gate_opt2_2_1.5_no.1.qasm,41,95,38,6,1.1579,9,11,1.2222
_53QBT_small_gate_opt2_0_1.5_no.7.qasm,14,23,9,0,1.0,6,6,1.0
_53QBT_small_gate_opt1_3_1.5_no.3.qasm,37,111,44,3,1.0682,14,15,1.0714
_53QBT_large_gate_opt1_1_1.5_no.5.qasm,45,95,38,0,1.0,11,11,1.0
_53QBT_large_gate_opt1_20_1.5_no.0.qasm,53,992,395,57,1.1443,70,88,1.2571
_53QBT_large_gate_opt2_10_1.5_no.4.qasm,52,333,132,27,1.2045,23,31,1.3478
_53QBT_small_gate_opt2_2_1.5_no.9.qasm,29,53,21,6,1.2857,8,14,1.75
_53QBT_small_gate_opt2_3_1.5_no.6.qasm,31,66,26,6,1.2308,8,8,1.0
_53QBT_large_gate_opt2_1_1.5_no.0.qasm,39,91,36,3,1.0833,10,10,1.0
_53QBT_large_gate_opt1_2_1.5_no.4.qasm,48,148,59,6,1.1017,14,16,1.1429
_53QBT_small_gate_opt1_0_1.5_no.2.qasm,13,23,9,0,1.0,5,5,1.0
_53QBT_small_gate_opt1_25_1.5_no.5.qasm,53,649,257,60,1.2335,60,80,1.3333
_53QBT_small_gate_opt2_15_1.5_no.1.qasm,51,242,96,45,1.4688,23,29,1.2609
_53QBT_small_gate_opt2_1_1.5_no.8.qasm,27,53,21,6,1.2857,7,10,1.4286
_53QBT_large_gate_opt1_5_1.5_no.5.qasm,52,287,114,9,1.0789,21,27,1.2857
_53QBT_small_gate_opt2_4_1.5_no.7.qasm,33,80,32,9,1.2812,11,13,1.1818
_53QBT_large_gate_opt2_25_1.5_no.1.qasm,53,685,273,69,1.2527,50,65,1.3
_53QBT_large_gate_opt1_15_1.5_no.5.qasm,53,760,303,39,1.1287,55,58,1.0545
_53QBT_large_gate_opt1_4_1.5_no.6.qasm,53,238,95,12,1.1263,16,22,1.375
_53QBT_small_gate_opt2_5_1.5_no.4.qasm,43,108,43,12,1.2791,16,18,1.125
_53QBT_large_gate_opt1_25_1.5_no.3.qasm,53,1248,497,60,1.1207,80,88,1.1
_53QBT_small_gate_opt2_20_1.5_no.8.qasm,50,270,107,51,1.4766,29,32,1.1034
_53QBT_large_gate_opt2_15_1.5_no.7.qasm,53,436,174,39,1.2241,30,42,1.4
_53QBT_large_gate_opt1_1_1.5_no.9.qasm,38,98,39,3,1.0769,9,12,1.3333
_53QBT_small_gate_opt2_2_1.5_no.5.qasm,24,48,19,3,1.1579,10,10,1.0
_53QBT_large_gate_opt2_0_1.5_no.3.qasm,27,55,22,0,1.0,6,6,1.0
_53QBT_large_gate_opt1_3_1.5_no.7.qasm,50,176,70,6,1.0857,13,17,1.3077
_53QBT_small_gate_opt2_25_1.5_no.7.qasm,52,359,142,57,1.4014,35,51,1.4571
_53QBT_large_gate_opt2_10_1.5_no.8.qasm,53,292,116,27,1.2328,21,24,1.1429
_53QBT_small_gate_opt1_15_1.5_no.3.qasm,53,420,166,36,1.2169,32,44,1.375
_53QBT_small_gate_opt1_1_1.5_no.1.qasm,21,48,19,3,1.1579,11,14,1.2727
_53QBT_large_gate_opt1_2_1.5_no.8.qasm,44,143,57,6,1.1053,11,14,1.2727
_53QBT_small_gate_opt1_25_1.5_no.9.qasm,53,656,260,66,1.2538,56,76,1.3571
_53QBT_large_gate_opt2_20_1.5_no.2.qasm,53,543,216,51,1.2361,37,46,1.2432
_53QBT_large_gate_opt1_10_1.5_no.6.qasm,53,536,213,24,1.1127,35,44,1.2571
_53QBT_large_gate_opt2_3_1.5_no.2.qasm,46,146,58,12,1.2069,13,17,1.3077
_53QBT_small_gate_opt2_1_1.5_no.4.qasm,28,58,23,3,1.1304,10,10,1.0
_53QBT_small_gate_opt1_2_1.5_no.0.qasm,33,68,27,6,1.2222,8,10,1.25
_53QBT_large_gate_opt1_0_1.5_no.6.qasm,24,43,17,0,1.0,6,6,1.0
_53QBT_small_gate_opt1_5_1.5_no.1.qasm,44,155,61,15,1.2459,17,22,1.2941
_53QBT_large_gate_opt2_4_1.5_no.3.qasm,48,143,57,6,1.1053,12,13,1.0833
_53QBT_small_gate_opt1_20_1.5_no.6.qasm,52,530,210,42,1.2,41,52,1.2683
_53QBT_small_gate_opt2_10_1.5_no.2.qasm,47,161,64,27,1.4219,14,21,1.5
_53QBT_large_gate_opt1_15_1.5_no.9.qasm,53,749,298,33,1.1107,54,63,1.1667
_53QBT_large_gate_opt1_5_1.5_no.9.qasm,52,303,121,12,1.0992,21,25,1.1905
_53QBT_large_gate_opt1_5_1.5_no.8.qasm,53,289,115,12,1.1043,18,23,1.2778
_53QBT_small_gate_opt1_20_1.5_no.7.qasm,53,539,214,54,1.2523,38,51,1.3421
_53QBT_large_gate_opt1_15_1.5_no.8.qasm,53,772,307,42,1.1368,53,77,1.4528
_53QBT_small_gate_opt2_10_1.5_no.3.qasm,43,169,67,24,1.3582,17,20,1.1765
_53QBT_large_gate_opt2_4_1.5_no.2.qasm,44,143,57,9,1.1579,14,16,1.1429
_53QBT_small_gate_opt1_5_1.5_no.0.qasm,41,160,63,12,1.1905,18,21,1.1667
_53QBT_small_gate_opt1_2_1.5_no.1.qasm,29,71,28,3,1.1071,11,14,1.2727
_53QBT_large_gate_opt1_0_1.5_no.7.qasm,26,48,19,0,1.0,5,5,1.0
_53QBT_large_gate_opt2_20_1.5_no.3.qasm,53,516,205,54,1.2634,43,59,1.3721
_53QBT_small_gate_opt1_25_1.5_no.8.qasm,53,676,268,60,1.2239,56,68,1.2143
_53QBT_large_gate_opt1_10_1.5_no.7.qasm,53,539,214,27,1.1262,39,45,1.1538
_53QBT_large_gate_opt2_3_1.5_no.3.qasm,50,136,54,9,1.1667,10,13,1.3
_53QBT_small_gate_opt2_1_1.5_no.5.qasm,27,53,21,3,1.1429,7,8,1.1429
_53QBT_large_gate_opt1_2_1.5_no.9.qasm,46,143,57,0,1.0,10,10,1.0
_53QBT_large_gate_opt1_3_1.5_no.6.qasm,51,188,75,6,1.08,14,16,1.1429
_53QBT_small_gate_opt1_1_1.5_no.0.qasm,22,43,17,3,1.1765,8,11,1.375
_53QBT_small_gate_opt2_25_1.5_no.6.qasm,51,354,140,66,1.4714,41,55,1.3415
_53QBT_small_gate_opt1_15_1.5_no.2.qasm,50,400,159,27,1.1698,37,48,1.2973
_53QBT_large_gate_opt2_10_1.5_no.9.qasm,52,274,109,18,1.1651,20,23,1.15
_53QBT_small_gate_opt2_2_1.5_no.4.qasm,26,50,20,3,1.15,8,8,1.0
_53QBT_large_gate_opt2_0_1.5_no.2.qasm,28,53,21,0,1.0,6,6,1.0
_53QBT_large_gate_opt1_1_1.5_no.8.qasm,42,91,36,0,1.0,7,7,1.0
_53QBT_small_gate_opt2_20_1.5_no.9.qasm,51,273,108,42,1.3889,31,35,1.129
_53QBT_large_gate_opt1_25_1.5_no.2.qasm,53,1239,494,63,1.1275,81,90,1.1111
_53QBT_large_gate_opt2_15_1.5_no.6.qasm,53,435,173,36,1.2081,27,38,1.4074
_53QBT_small_gate_opt2_5_1.5_no.5.qasm,40,101,40,12,1.3,18,22,1.2222
_53QBT_large_gate_opt1_4_1.5_no.7.qasm,51,239,95,12,1.1263,17,20,1.1765
_53QBT_small_gate_opt2_4_1.5_no.6.qasm,36,80,32,6,1.1875,8,10,1.25
_53QBT_large_gate_opt2_25_1.5_no.0.qasm,53,661,263,63,1.2395,52,57,1.0962
_53QBT_large_gate_opt1_15_1.5_no.4.qasm,53,763,304,42,1.1382,48,74,1.5417
_53QBT_large_gate_opt1_5_1.5_no.4.qasm,53,298,119,12,1.1008,24,26,1.0833
_53QBT_small_gate_opt1_25_1.5_no.4.qasm,53,671,266,66,1.2481,53,77,1.4528
_53QBT_small_gate_opt2_15_1.5_no.0.qasm,51,233,92,45,1.4891,22,34,1.5455
_53QBT_small_gate_opt2_1_1.5_no.9.qasm,21,41,16,3,1.1875,5,6,1.2
_53QBT_large_gate_opt1_2_1.5_no.5.qasm,45,146,58,6,1.1034,13,15,1.1538
_53QBT_small_gate_opt1_0_1.5_no.3.qasm,14,23,9,0,1.0,4,4,1.0
_53QBT_small_gate_opt2_3_1.5_no.7.qasm,31,71,28,12,1.4286,13,18,1.3846
_53QBT_large_gate_opt2_1_1.5_no.1.qasm,38,86,34,6,1.1765,9,9,1.0
_53QBT_small_gate_opt2_2_1.5_no.8.qasm,26,53,21,3,1.1429,6,8,1.3333
_53QBT_large_gate_opt1_20_1.5_no.1.qasm,53,971,387,48,1.124,67,73,1.0896
_53QBT_large_gate_opt2_10_1.5_no.5.qasm,52,292,116,12,1.1034,20,21,1.05
_53QBT_small_gate_opt1_3_1.5_no.2.qasm,36,100,40,9,1.225,15,18,1.2
_53QBT_large_gate_opt1_1_1.5_no.4.qasm,39,98,39,3,1.0769,10,10,1.0
_53QBT_large_gate_opt2_2_1.5_no.0.qasm,42,95,38,3,1.0789,11,11,1.0
_53QBT_small_gate_opt2_0_1.5_no.6.qasm,17,25,10,0,1.0,5,5,1.0
_53QBT_large_gate_opt2_5_1.5_no.1.qasm,47,191,76,12,1.1579,20,22,1.1
_53QBT_small_gate_opt2_20_1.5_no.5.qasm,52,281,111,54,1.4865,29,37,1.2759
_53QBT_small_gate_opt1_10_1.5_no.1.qasm,53,282,112,24,1.2143,34,47,1.3824
_53QBT_small_gate_opt1_4_1.5_no.3.qasm,44,126,50,12,1.24,17,21,1.2353
_53QBT_small_gate_opt2_5_1.5_no.9.qasm,38,104,41,15,1.3659,12,14,1.1667
_53QBT_large_gate_opt1_4_1.5_no.0.qasm,51,239,95,12,1.1263,15,18,1.2
_53QBT_small_gate_opt2_5_1.5_no.2.qasm,36,95,38,12,1.3158,10,13,1.3
_53QBT_large_gate_opt1_25_1.5_no.5.qasm,53,1246,496,72,1.1452,80,96,1.2
_53QBT_large_gate_opt2_15_1.5_no.1.qasm,53,432,172,39,1.2267,32,40,1.25
_53QBT_small_gate_opt1_4_1.5_no.8.qasm,44,128,51,9,1.1765,13,16,1.2308
_53QBT_small_gate_opt1_3_1.5_no.9.qasm,41,106,42,6,1.1429,10,16,1.6
_53QBT_small_gate_opt2_2_1.5_no.3.qasm,21,46,18,3,1.1667,6,6,1.0
_53QBT_large_gate_opt2_0_1.5_no.5.qasm,27,53,21,0,1.0,6,6,1.0
_53QBT_large_gate_opt1_3_1.5_no.1.qasm,49,190,76,6,1.0789,18,18,1.0
_53QBT_small_gate_opt2_25_1.5_no.1.qasm,53,372,147,54,1.3673,32,41,1.2812
_53QBT_small_gate_opt1_15_1.5_no.5.qasm,53,411,163,33,1.2025,32,42,1.3125
_53QBT_small_gate_opt1_1_1.5_no.7.qasm,22,48,19,3,1.1579,9,12,1.3333
_53QBT_small_gate_opt1_0_1.5_no.8.qasm,18,25,10,0,1.0,4,4,1.0
_53QBT_large_gate_opt2_3_1.5_no.4.qasm,49,135,54,12,1.2222,10,14,1.4
_53QBT_large_gate_opt2_20_1.5_no.4.qasm,53,517,206,30,1.1456,32,49,1.5312
_53QBT_large_gate_opt1_10_1.5_no.0.qasm,53,527,210,24,1.1143,41,41,1.0
_53QBT_small_gate_opt2_1_1.5_no.2.qasm,22,45,18,6,1.3333,9,16,1.7778
_53QBT_small_gate_opt1_2_1.5_no.6.qasm,36,73,29,6,1.2069,8,12,1.5
_53QBT_large_gate_opt1_0_1.5_no.0.qasm,29,43,17,0,1.0,6,6,1.0
_53QBT_small_gate_opt1_5_1.5_no.7.qasm,45,153,61,12,1.1967,20,32,1.6
_53QBT_large_gate_opt2_4_1.5_no.5.qasm,49,130,52,6,1.1154,10,10,1.0
_53QBT_small_gate_opt1_20_1.5_no.0.qasm,53,548,217,42,1.1935,46,65,1.413
_53QBT_small_gate_opt2_10_1.5_no.4.qasm,44,146,58,18,1.3103,16,22,1.375
_53QBT_small_gate_opt1_4_1.5_no.4.qasm,47,126,50,12,1.24,14,20,1.4286
_53QBT_small_gate_opt2_20_1.5_no.2.qasm,52,295,117,57,1.4872,27,41,1.5185
_53QBT_large_gate_opt1_25_1.5_no.9.qasm,53,1258,501,66,1.1317,80,110,1.375
_53QBT_small_gate_opt1_10_1.5_no.6.qasm,52,270,107,30,1.2804,25,34,1.36
_53QBT_large_gate_opt2_5_1.5_no.6.qasm,49,206,82,18,1.2195,16,19,1.1875
_53QBT_large_gate_opt2_2_1.5_no.7.qasm,43,98,39,6,1.1538,8,13,1.625
_53QBT_small_gate_opt2_0_1.5_no.1.qasm,16,28,11,0,1.0,5,5,1.0
_53QBT_small_gate_opt1_3_1.5_no.5.qasm,35,83,33,9,1.2727,11,16,1.4545
_53QBT_large_gate_opt1_1_1.5_no.3.qasm,42,108,43,3,1.0698,10,12,1.2
_53QBT_large_gate_opt1_20_1.5_no.6.qasm,53,1029,410,48,1.1171,70,76,1.0857
_53QBT_small_gate_opt1_15_1.5_no.9.qasm,53,415,164,36,1.2195,35,51,1.4571
_53QBT_large_gate_opt2_10_1.5_no.2.qasm,52,277,110,21,1.1909,21,25,1.1905
_53QBT_large_gate_opt2_0_1.5_no.9.qasm,29,50,20,0,1.0,6,6,1.0
_53QBT_small_gate_opt2_3_1.5_no.0.qasm,35,81,32,6,1.1875,14,17,1.2143
_53QBT_large_gate_opt2_1_1.5_no.6.qasm,37,96,38,6,1.1579,9,11,1.2222
_53QBT_large_gate_opt1_2_1.5_no.2.qasm,44,141,56,6,1.1071,13,15,1.1538
_53QBT_small_gate_opt1_0_1.5_no.4.qasm,17,28,11,0,1.0,7,7,1.0
_53QBT_large_gate_opt2_20_1.5_no.8.qasm,53,561,223,54,1.2422,42,52,1.2381
_53QBT_small_gate_opt1_25_1.5_no.3.qasm,53,672,266,60,1.2256,53,65,1.2264
_53QBT_small_gate_opt2_15_1.5_no.7.qasm,46,239,95,42,1.4421,23,37,1.6087
_53QBT_large_gate_opt2_3_1.5_no.8.qasm,45,128,51,6,1.1176,12,13,1.0833
_53QBT_large_gate_opt2_4_1.5_no.9.qasm,49,146,58,6,1.1034,13,13,1.0
_53QBT_large_gate_opt1_5_1.5_no.3.qasm,52,289,115,12,1.1043,21,26,1.2381
_53QBT_small_gate_opt2_4_1.5_no.1.qasm,31,83,33,12,1.3636,9,16,1.7778
_53QBT_large_gate_opt2_25_1.5_no.7.qasm,53,698,278,54,1.1942,49,62,1.2653
_53QBT_large_gate_opt1_15_1.5_no.3.qasm,53,769,306,36,1.1176,44,61,1.3864
_53QBT_small_gate_opt2_10_1.5_no.8.qasm,42,151,60,18,1.3,12,15,1.25
_53QBT_small_gate_opt2_4_1.5_no.0.qasm,32,76,30,9,1.3,11,12,1.0909
_53QBT_large_gate_opt2_25_1.5_no.6.qasm,53,653,260,60,1.2308,46,60,1.3043
_53QBT_small_gate_opt2_10_1.5_no.9.qasm,46,157,62,21,1.3387,17,26,1.5294
_53QBT_large_gate_opt1_15_1.5_no.2.qasm,53,748,298,36,1.1208,54,60,1.1111
_53QBT_large_gate_opt1_5_1.5_no.2.qasm,53,286,114,12,1.1053,24,30,1.25
_53QBT_large_gate_opt2_4_1.5_no.8.qasm,49,146,58,3,1.0517,12,13,1.0833
_53QBT_small_gate_opt1_25_1.5_no.2.qasm,53,649,257,54,1.2101,54,74,1.3704
_53QBT_large_gate_opt2_20_1.5_no.9.qasm,53,538,214,42,1.1963,36,42,1.1667
_53QBT_small_gate_opt2_15_1.5_no.6.qasm,52,220,87,42,1.4828,18,31,1.7222
_53QBT_large_gate_opt2_3_1.5_no.9.qasm,45,140,56,6,1.1071,14,16,1.1429
_53QBT_large_gate_opt1_2_1.5_no.3.qasm,45,133,53,6,1.1132,13,15,1.1538
_53QBT_small_gate_opt1_0_1.5_no.5.qasm,16,28,11,0,1.0,5,5,1.0
_53QBT_small_gate_opt2_3_1.5_no.1.qasm,37,83,33,12,1.3636,13,20,1.5385
_53QBT_large_gate_opt2_1_1.5_no.7.qasm,38,98,39,3,1.0769,9,10,1.1111
_53QBT_large_gate_opt2_0_1.5_no.8.qasm,29,48,19,0,1.0,5,5,1.0
_53QBT_large_gate_opt1_20_1.5_no.7.qasm,53,975,388,42,1.1082,64,70,1.0938
_53QBT_large_gate_opt2_10_1.5_no.3.qasm,53,295,117,27,1.2308,23,30,1.3043
_53QBT_small_gate_opt1_15_1.5_no.8.qasm,52,424,168,39,1.2321,39,48,1.2308
_53QBT_small_gate_opt1_3_1.5_no.4.qasm,36,101,40,3,1.075,12,12,1.0
_53QBT_large_gate_opt1_1_1.5_no.2.qasm,43,95,38,3,1.0789,8,10,1.25
_53QBT_large_gate_opt2_2_1.5_no.6.qasm,38,93,37,3,1.0811,10,13,1.3
_53QBT_small_gate_opt2_0_1.5_no.0.qasm,16,28,11,0,1.0,5,5,1.0
_53QBT_large_gate_opt2_5_1.5_no.7.qasm,49,194,77,15,1.1948,17,20,1.1765
_53QBT_large_gate_opt1_25_1.5_no.8.qasm,53,1276,508,63,1.124,88,100,1.1364
_53QBT_small_gate_opt2_20_1.5_no.3.qasm,51,308,122,54,1.4426,32,48,1.5
_53QBT_small_gate_opt1_10_1.5_no.7.qasm,53,276,109,24,1.2202,24,36,1.5
_53QBT_small_gate_opt1_4_1.5_no.5.qasm,42,131,52,9,1.1731,14,17,1.2143
_53QBT_small_gate_opt1_20_1.5_no.1.qasm,53,520,206,42,1.2039,36,47,1.3056
_53QBT_small_gate_opt2_10_1.5_no.5.qasm,44,144,57,21,1.3684,20,30,1.5
_53QBT_large_gate_opt2_4_1.5_no.4.qasm,49,153,61,9,1.1475,13,14,1.0769
_53QBT_small_gate_opt1_5_1.5_no.6.qasm,43,145,57,9,1.1579,18,21,1.1667
_53QBT_small_gate_opt1_2_1.5_no.7.qasm,31,84,33,6,1.1818,10,16,1.6
_53QBT_large_gate_opt1_0_1.5_no.1.qasm,24,43,17,0,1.0,7,7,1.0
_53QBT_large_gate_opt2_3_1.5_no.5.qasm,44,149,59,9,1.1525,13,13,1.0
_53QBT_large_gate_opt2_20_1.5_no.5.qasm,53,513,204,45,1.2206,36,42,1.1667
_53QBT_large_gate_opt1_10_1.5_no.1.qasm,53,522,208,24,1.1154,36,42,1.1667
_53QBT_small_gate_opt2_1_1.5_no.3.qasm,23,46,18,3,1.1667,5,7,1.4
_53QBT_small_gate_opt1_0_1.5_no.9.qasm,18,28,11,0,1.0,5,5,1.0
_53QBT_large_gate_opt1_3_1.5_no.0.qasm,48,181,72,9,1.125,16,16,1.0
_53QBT_small_gate_opt1_1_1.5_no.6.qasm,24,48,19,3,1.1579,8,10,1.25
_53QBT_small_gate_opt2_25_1.5_no.0.qasm,53,363,144,63,1.4375,28,49,1.75
_53QBT_small_gate_opt1_15_1.5_no.4.qasm,53,423,168,33,1.1964,30,43,1.4333
_53QBT_small_gate_opt2_2_1.5_no.2.qasm,27,48,19,3,1.1579,6,9,1.5
_53QBT_large_gate_opt2_0_1.5_no.4.qasm,29,50,20,0,1.0,5,5,1.0
_53QBT_small_gate_opt1_3_1.5_no.8.qasm,37,99,39,6,1.1538,15,21,1.4
_53QBT_small_gate_opt1_4_1.5_no.9.qasm,44,131,52,9,1.1731,21,27,1.2857
_53QBT_large_gate_opt1_25_1.5_no.4.qasm,53,1227,489,63,1.1288,78,87,1.1154
_53QBT_large_gate_opt2_15_1.5_no.0.qasm,52,434,173,42,1.2428,29,46,1.5862
_53QBT_small_gate_opt2_5_1.5_no.3.qasm,38,93,37,12,1.3243,13,16,1.2308
_53QBT_large_gate_opt1_4_1.5_no.1.qasm,51,236,94,6,1.0638,19,22,1.1579
_53QBT_small_gate_opt2_10_1.5_no.6.qasm,48,157,62,24,1.3871,19,37,1.9474
_53QBT_large_gate_opt2_25_1.5_no.9.qasm,53,680,271,48,1.1771,45,51,1.1333
_53QBT_small_gate_opt1_20_1.5_no.2.qasm,53,535,212,51,1.2406,50,63,1.26
_53QBT_large_gate_opt2_4_1.5_no.7.qasm,43,130,52,9,1.1731,12,15,1.25
_53QBT_small_gate_opt1_5_1.5_no.5.qasm,45,144,57,12,1.2105,15,20,1.3333
_53QBT_large_gate_opt1_0_1.5_no.2.qasm,27,45,18,0,1.0,6,6,1.0
_53QBT_small_gate_opt1_2_1.5_no.4.qasm,31,81,32,0,1.0,8,8,1.0
_53QBT_small_gate_opt2_1_1.5_no.0.qasm,30,60,24,6,1.25,12,13,1.0833
_53QBT_large_gate_opt1_10_1.5_no.2.qasm,53,535,213,30,1.1408,47,57,1.2128
_53QBT_small_gate_opt2_15_1.5_no.9.qasm,50,209,83,39,1.4699,26,44,1.6923
_53QBT_large_gate_opt2_20_1.5_no.6.qasm,53,525,209,42,1.201,38,45,1.1842
_53QBT_large_gate_opt2_3_1.5_no.6.qasm,46,153,61,6,1.0984,14,14,1.0
_53QBT_large_gate_opt2_1_1.5_no.8.qasm,41,103,41,3,1.0732,9,9,1.0
_53QBT_small_gate_opt1_1_1.5_no.5.qasm,27,51,20,3,1.15,7,11,1.5714
_53QBT_small_gate_opt1_15_1.5_no.7.qasm,52,393,156,39,1.25,35,47,1.3429
_53QBT_small_gate_opt2_25_1.5_no.3.qasm,53,359,142,66,1.4648,32,50,1.5625
_53QBT_large_gate_opt1_20_1.5_no.8.qasm,53,977,389,54,1.1388,69,79,1.1449
_53QBT_large_gate_opt1_3_1.5_no.3.qasm,50,194,77,9,1.1169,18,18,1.0
_53QBT_large_gate_opt2_0_1.5_no.7.qasm,32,55,22,0,1.0,7,7,1.0
_53QBT_small_gate_opt2_2_1.5_no.1.qasm,25,48,19,0,1.0,7,7,1.0
_53QBT_large_gate_opt2_2_1.5_no.9.qasm,40,91,36,0,1.0,8,8,1.0
_53QBT_small_gate_opt1_10_1.5_no.8.qasm,53,278,110,21,1.1909,24,31,1.2917
_53QBT_large_gate_opt2_15_1.5_no.3.qasm,53,413,164,24,1.1463,30,33,1.1
_53QBT_large_gate_opt1_25_1.5_no.7.qasm,53,1201,478,57,1.1192,79,85,1.0759
_53QBT_large_gate_opt2_5_1.5_no.8.qasm,51,196,78,12,1.1538,18,18,1.0
_53QBT_small_gate_opt2_5_1.5_no.0.qasm,40,119,47,12,1.2553,12,14,1.1667
_53QBT_large_gate_opt1_4_1.5_no.2.qasm,50,231,92,12,1.1304,16,18,1.125
_53QBT_large_gate_opt1_15_1.5_no.1.qasm,53,761,303,30,1.099,53,60,1.1321
_53QBT_large_gate_opt2_25_1.5_no.5.qasm,53,684,272,60,1.2206,52,61,1.1731
_53QBT_small_gate_opt2_4_1.5_no.3.qasm,36,80,32,9,1.2812,8,11,1.375
_53QBT_large_gate_opt1_5_1.5_no.1.qasm,53,293,117,12,1.1026,21,27,1.2857
_53QBT_small_gate_opt1_5_1.5_no.9.qasm,49,150,59,12,1.2034,18,24,1.3333
_53QBT_small_gate_opt2_15_1.5_no.5.qasm,49,229,91,33,1.3626,20,29,1.45
_53QBT_small_gate_opt1_25_1.5_no.1.qasm,53,666,264,66,1.25,50,70,1.4
_53QBT_small_gate_opt1_2_1.5_no.8.qasm,32,76,30,6,1.2,10,14,1.4
_53QBT_small_gate_opt1_0_1.5_no.6.qasm,16,28,11,0,1.0,5,5,1.0
_53QBT_large_gate_opt1_2_1.5_no.0.qasm,48,143,57,6,1.1053,15,17,1.1333
_53QBT_large_gate_opt2_1_1.5_no.4.qasm,42,100,40,3,1.075,8,8,1.0
_53QBT_small_gate_opt2_3_1.5_no.2.qasm,31,78,31,6,1.1935,10,15,1.5
_53QBT_large_gate_opt2_10_1.5_no.0.qasm,52,296,118,24,1.2034,21,25,1.1905
_53QBT_large_gate_opt1_20_1.5_no.4.qasm,53,1000,398,57,1.1432,60,72,1.2
_53QBT_small_gate_opt1_1_1.5_no.9.qasm,27,56,22,3,1.1364,9,9,1.0
_53QBT_large_gate_opt1_1_1.5_no.1.qasm,40,98,39,3,1.0769,11,11,1.0
_53QBT_small_gate_opt1_3_1.5_no.7.qasm,40,109,43,6,1.1395,11,13,1.1818
_53QBT_small_gate_opt2_0_1.5_no.3.qasm,17,28,11,0,1.0,6,6,1.0
_53QBT_large_gate_opt2_2_1.5_no.5.qasm,41,88,35,6,1.1714,9,10,1.1111
_53QBT_large_gate_opt2_5_1.5_no.4.qasm,48,199,79,12,1.1519,14,17,1.2143
_53QBT_small_gate_opt1_10_1.5_no.4.qasm,53,285,113,18,1.1593,27,29,1.0741
_53QBT_small_gate_opt2_20_1.5_no.0.qasm,52,285,113,57,1.5044,26,36,1.3846
_53QBT_small_gate_opt1_4_1.5_no.6.qasm,44,125,50,12,1.24,13,17,1.3077
_53QBT_small_gate_opt1_4_1.5_no.7.qasm,35,112,44,12,1.2727,13,19,1.4615
_53QBT_small_gate_opt1_10_1.5_no.5.qasm,50,269,107,27,1.2523,30,36,1.2
_53QBT_small_gate_opt2_20_1.5_no.1.qasm,52,283,112,48,1.4286,29,36,1.2414
_53QBT_large_gate_opt2_5_1.5_no.5.qasm,51,189,75,15,1.2,13,19,1.4615
_53QBT_small_gate_opt2_0_1.5_no.2.qasm,15,23,9,0,1.0,4,4,1.0
_53QBT_large_gate_opt2_2_1.5_no.4.qasm,43,86,34,6,1.1765,7,9,1.2857
_53QBT_large_gate_opt1_1_1.5_no.0.qasm,43,93,37,3,1.0811,8,9,1.125
_53QBT_small_gate_opt1_3_1.5_no.6.qasm,38,111,44,3,1.0682,16,19,1.1875
_53QBT_small_gate_opt1_1_1.5_no.8.qasm,24,48,19,3,1.1579,8,11,1.375
_53QBT_large_gate_opt2_10_1.5_no.1.qasm,52,271,108,18,1.1667,20,22,1.1
_53QBT_large_gate_opt1_20_1.5_no.5.qasm,53,1014,404,57,1.1411,72,98,1.3611
_53QBT_large_gate_opt2_1_1.5_no.5.qasm,41,105,42,6,1.1429,10,13,1.3
_53QBT_small_gate_opt2_3_1.5_no.3.qasm,34,75,30,9,1.3,9,12,1.3333
_53QBT_small_gate_opt1_0_1.5_no.7.qasm,15,23,9,0,1.0,4,4,1.0
_53QBT_large_gate_opt1_2_1.5_no.1.qasm,48,143,57,6,1.1053,13,13,1.0
_53QBT_small_gate_opt1_2_1.5_no.9.qasm,35,76,30,6,1.2,8,11,1.375
_53QBT_small_gate_opt2_15_1.5_no.4.qasm,51,215,85,36,1.4235,24,29,1.2083
_53QBT_small_gate_opt1_25_1.5_no.0.qasm,53,644,255,60,1.2353,60,73,1.2167
_53QBT_small_gate_opt1_5_1.5_no.8.qasm,41,146,58,15,1.2586,16,21,1.3125
_53QBT_large_gate_opt1_5_1.5_no.0.qasm,51,271,108,15,1.1389,27,30,1.1111
_53QBT_large_gate_opt1_15_1.5_no.0.qasm,53,756,301,39,1.1296,47,59,1.2553
_53QBT_large_gate_opt2_25_1.5_no.4.qasm,53,649,259,72,1.278,49,55,1.1224
_53QBT_small_gate_opt2_4_1.5_no.2.qasm,37,81,32,9,1.2812,12,12,1.0
_53QBT_large_gate_opt1_4_1.5_no.3.qasm,53,249,99,6,1.0606,21,21,1.0
_53QBT_small_gate_opt2_5_1.5_no.1.qasm,41,105,42,15,1.3571,14,25,1.7857
_53QBT_large_gate_opt2_5_1.5_no.9.qasm,49,183,73,18,1.2466,16,23,1.4375
_53QBT_large_gate_opt2_15_1.5_no.2.qasm,53,428,170,42,1.2471,28,33,1.1786
_53QBT_small_gate_opt1_10_1.5_no.9.qasm,53,275,109,18,1.1651,26,32,1.2308
_53QBT_large_gate_opt1_25_1.5_no.6.qasm,53,1259,501,66,1.1317,79,95,1.2025
_53QBT_large_gate_opt2_2_1.5_no.8.qasm,43,100,40,6,1.15,9,12,1.3333
_53QBT_large_gate_opt2_0_1.5_no.6.qasm,25,50,20,0,1.0,5,5,1.0
_53QBT_small_gate_opt2_2_1.5_no.0.qasm,25,48,19,6,1.3158,7,10,1.4286
_53QBT_small_gate_opt1_15_1.5_no.6.qasm,53,422,167,42,1.2515,37,60,1.6216
_53QBT_large_gate_opt1_20_1.5_no.9.qasm,53,978,388,51,1.1314,64,74,1.1562
_53QBT_small_gate_opt2_25_1.5_no.2.qasm,52,358,142,57,1.4014,36,47,1.3056
_53QBT_small_gate_opt1_1_1.5_no.4.qasm,28,58,23,3,1.1304,8,8,1.0
_53QBT_large_gate_opt1_3_1.5_no.2.qasm,52,190,76,9,1.1184,16,18,1.125
_53QBT_large_gate_opt2_1_1.5_no.9.qasm,41,95,38,6,1.1579,8,15,1.875
_53QBT_small_gate_opt2_1_1.5_no.1.qasm,27,45,18,3,1.1667,5,7,1.4
_53QBT_small_gate_opt2_15_1.5_no.8.qasm,50,228,90,30,1.3333,22,27,1.2273
_53QBT_large_gate_opt1_10_1.5_no.3.qasm,53,540,215,27,1.1256,41,50,1.2195
_53QBT_large_gate_opt2_20_1.5_no.7.qasm,53,550,219,45,1.2055,39,48,1.2308
_53QBT_large_gate_opt2_3_1.5_no.7.qasm,46,148,59,6,1.1017,13,15,1.1538
_53QBT_large_gate_opt1_0_1.5_no.3.qasm,29,43,17,0,1.0,5,5,1.0
_53QBT_small_gate_opt1_2_1.5_no.5.qasm,32,70,28,6,1.2143,8,14,1.75
_53QBT_small_gate_opt1_5_1.5_no.4.qasm,46,147,58,12,1.2069,16,24,1.5
_53QBT_large_gate_opt2_4_1.5_no.6.qasm,47,141,56,12,1.2143,13,17,1.3077
_53QBT_small_gate_opt2_10_1.5_no.7.qasm,49,148,59,24,1.4068,12,16,1.3333
_53QBT_small_gate_opt1_20_1.5_no.3.qasm,53,552,218,54,1.2477,42,70,1.6667
_53QBT_large_gate_opt2_25_1.5_no.8.qasm,53,691,275,66,1.24,47,61,1.2979
_53QBT_large_gate_opt1_15_1.5_no.7.qasm,53,741,295,39,1.1322,48,58,1.2083
_53QBT_small_gate_opt1_20_1.5_no.8.qasm,53,522,207,48,1.2319,38,50,1.3158
_53QBT_large_gate_opt2_25_1.5_no.3.qasm,53,669,267,54,1.2022,49,57,1.1633
_53QBT_small_gate_opt2_4_1.5_no.5.qasm,35,76,30,12,1.4,10,15,1.5
_53QBT_large_gate_opt1_5_1.5_no.7.qasm,52,297,118,9,1.0763,25,25,1.0
_53QBT_small_gate_opt2_15_1.5_no.3.qasm,49,207,82,42,1.5122,24,35,1.4583
_53QBT_large_gate_opt1_10_1.5_no.8.qasm,53,504,201,27,1.1343,46,48,1.0435
_53QBT_small_gate_opt1_25_1.5_no.7.qasm,53,675,268,66,1.2463,52,77,1.4808
_53QBT_large_gate_opt1_0_1.5_no.8.qasm,26,45,18,0,1.0,5,5,1.0
_53QBT_small_gate_opt1_0_1.5_no.0.qasm,15,25,10,0,1.0,4,4,1.0
_53QBT_large_gate_opt1_2_1.5_no.6.qasm,51,156,62,3,1.0484,12,12,1.0
_53QBT_large_gate_opt2_1_1.5_no.2.qasm,38,90,36,6,1.1667,8,9,1.125
_53QBT_small_gate_opt2_3_1.5_no.4.qasm,38,81,32,12,1.375,10,13,1.3
_53QBT_large_gate_opt2_10_1.5_no.6.qasm,52,281,112,30,1.2679,23,33,1.4348
_53QBT_large_gate_opt1_20_1.5_no.2.qasm,53,1037,412,57,1.1383,67,81,1.209
_53QBT_small_gate_opt2_25_1.5_no.9.qasm,52,362,143,60,1.4196,30,52,1.7333
_53QBT_large_gate_opt1_3_1.5_no.9.qasm,50,201,80,6,1.075,17,20,1.1765
_53QBT_large_gate_opt1_1_1.5_no.7.qasm,45,106,42,3,1.0714,9,10,1.1111
_53QBT_small_gate_opt1_3_1.5_no.1.qasm,40,106,42,6,1.1429,8,11,1.375
_53QBT_small_gate_opt2_0_1.5_no.5.qasm,19,28,11,0,1.0,4,4,1.0
_53QBT_large_gate_opt2_2_1.5_no.3.qasm,39,101,40,6,1.15,12,16,1.3333
_53QBT_large_gate_opt2_5_1.5_no.2.qasm,50,193,77,12,1.1558,19,19,1.0
_53QBT_large_gate_opt2_15_1.5_no.9.qasm,53,425,169,45,1.2663,31,39,1.2581
_53QBT_small_gate_opt1_10_1.5_no.2.qasm,52,275,109,27,1.2477,29,41,1.4138
_53QBT_small_gate_opt2_20_1.5_no.6.qasm,52,280,111,48,1.4324,25,40,1.6
_53QBT_small_gate_opt1_4_1.5_no.0.qasm,44,129,51,3,1.0588,10,13,1.3
_53QBT_large_gate_opt1_4_1.5_no.8.qasm,52,237,94,12,1.1277,19,25,1.3158
_53QBT_small_gate_opt2_10_1.5_no.0.qasm,43,148,58,30,1.5172,19,26,1.3684
_53QBT_small_gate_opt1_20_1.5_no.4.qasm,53,555,220,39,1.1773,43,51,1.186
_53QBT_small_gate_opt2_4_1.5_no.9.qasm,32,84,33,12,1.3636,10,14,1.4
_53QBT_large_gate_opt2_4_1.5_no.1.qasm,48,146,58,9,1.1552,12,15,1.25
_53QBT_small_gate_opt1_5_1.5_no.3.qasm,46,154,61,9,1.1475,13,17,1.3077
_53QBT_large_gate_opt1_0_1.5_no.4.qasm,27,48,19,0,1.0,7,7,1.0
_53QBT_small_gate_opt1_2_1.5_no.2.qasm,32,81,32,6,1.1875,11,12,1.0909
_53QBT_small_gate_opt2_1_1.5_no.6.qasm,23,46,18,3,1.1667,9,11,1.2222
_53QBT_large_gate_opt2_3_1.5_no.0.qasm,49,148,59,9,1.1525,15,18,1.2
_53QBT_large_gate_opt1_10_1.5_no.4.qasm,53,509,202,18,1.0891,43,50,1.1628
_53QBT_large_gate_opt2_20_1.5_no.0.qasm,53,512,204,48,1.2353,34,41,1.2059
_53QBT_small_gate_opt2_3_1.5_no.8.qasm,33,78,31,12,1.3871,10,16,1.6
_53QBT_small_gate_opt1_1_1.5_no.3.qasm,26,55,22,3,1.1364,8,8,1.0
_53QBT_small_gate_opt1_15_1.5_no.1.qasm,52,417,165,36,1.2182,32,37,1.1562
_53QBT_small_gate_opt2_25_1.5_no.5.qasm,52,360,142,63,1.4437,29,35,1.2069
_53QBT_large_gate_opt1_3_1.5_no.5.qasm,51,198,79,9,1.1139,15,18,1.2
_53QBT_large_gate_opt2_0_1.5_no.1.qasm,29,50,20,0,1.0,5,5,1.0
_53QBT_small_gate_opt2_2_1.5_no.7.qasm,25,53,21,3,1.1429,11,14,1.2727
_53QBT_small_gate_opt2_0_1.5_no.9.qasm,13,23,9,0,1.0,5,5,1.0
_53QBT_large_gate_opt2_15_1.5_no.5.qasm,53,445,177,39,1.2203,29,38,1.3103
_53QBT_large_gate_opt1_25_1.5_no.1.qasm,53,1244,495,72,1.1455,84,114,1.3571
_53QBT_small_gate_opt2_5_1.5_no.6.qasm,43,98,39,15,1.3846,10,12,1.2
_53QBT_large_gate_opt1_4_1.5_no.4.qasm,51,240,96,12,1.125,18,22,1.2222
_53QBT_large_gate_opt1_4_1.5_no.5.qasm,48,241,96,9,1.0938,17,17,1.0
_53QBT_small_gate_opt2_5_1.5_no.7.qasm,35,100,40,12,1.3,14,17,1.2143
_53QBT_large_gate_opt2_15_1.5_no.4.qasm,53,410,163,36,1.2209,30,42,1.4
_53QBT_large_gate_opt1_25_1.5_no.0.qasm,53,1240,494,60,1.1215,83,95,1.1446
_53QBT_small_gate_opt2_0_1.5_no.8.qasm,17,28,11,0,1.0,5,5,1.0
_53QBT_large_gate_opt2_0_1.5_no.0.qasm,29,45,18,0,1.0,4,4,1.0
_53QBT_small_gate_opt2_2_1.5_no.6.qasm,24,46,18,0,1.0,6,6,1.0
_53QBT_small_gate_opt1_15_1.5_no.0.qasm,53,422,167,45,1.2695,31,37,1.1935
_53QBT_small_gate_opt2_25_1.5_no.4.qasm,53,355,141,63,1.4468,31,46,1.4839
_53QBT_small_gate_opt1_1_1.5_no.2.qasm,27,53,21,3,1.1429,7,7,1.0
_53QBT_large_gate_opt1_3_1.5_no.4.qasm,50,196,78,9,1.1154,17,17,1.0
_53QBT_small_gate_opt2_3_1.5_no.9.qasm,35,75,30,9,1.3,9,10,1.1111
_53QBT_small_gate_opt2_1_1.5_no.7.qasm,24,45,18,3,1.1667,7,7,1.0
_53QBT_large_gate_opt2_3_1.5_no.1.qasm,49,153,61,12,1.1967,15,15,1.0
_53QBT_large_gate_opt1_10_1.5_no.5.qasm,53,525,209,27,1.1292,37,46,1.2432
_53QBT_large_gate_opt2_20_1.5_no.1.qasm,53,527,210,39,1.1857,39,42,1.0769
_53QBT_large_gate_opt1_0_1.5_no.5.qasm,28,50,20,0,1.0,5,5,1.0
_53QBT_small_gate_opt1_2_1.5_no.3.qasm,34,80,32,3,1.0938,10,11,1.1
_53QBT_small_gate_opt1_5_1.5_no.2.qasm,43,158,63,12,1.1905,19,25,1.3158
_53QBT_large_gate_opt2_4_1.5_no.0.qasm,47,155,62,9,1.1452,14,14,1.0
_53QBT_small_gate_opt2_10_1.5_no.1.qasm,45,161,64,21,1.3281,19,25,1.3158
_53QBT_small_gate_opt1_20_1.5_no.5.qasm,53,519,206,48,1.233,40,52,1.3
_53QBT_small_gate_opt2_4_1.5_no.8.qasm,33,74,29,6,1.2069,10,12,1.2
_53QBT_large_gate_opt1_4_1.5_no.9.qasm,52,239,95,9,1.0947,19,24,1.2632
_53QBT_small_gate_opt1_4_1.5_no.1.qasm,48,131,52,12,1.2308,12,18,1.5
_53QBT_small_gate_opt1_10_1.5_no.3.qasm,50,269,106,30,1.283,25,37,1.48
_53QBT_large_gate_opt2_15_1.5_no.8.qasm,53,419,167,45,1.2695,32,38,1.1875
_53QBT_small_gate_opt2_20_1.5_no.7.qasm,52,279,110,39,1.3545,28,37,1.3214
_53QBT_large_gate_opt2_5_1.5_no.3.qasm,50,186,74,18,1.2432,18,25,1.3889
_53QBT_small_gate_opt2_0_1.5_no.4.qasm,17,25,10,0,1.0,6,6,1.0
_53QBT_large_gate_opt2_2_1.5_no.2.qasm,40,86,34,6,1.1765,8,11,1.375
_53QBT_large_gate_opt1_1_1.5_no.6.qasm,39,98,39,0,1.0,13,13,1.0
_53QBT_small_gate_opt1_3_1.5_no.0.qasm,38,99,39,9,1.2308,11,14,1.2727
_53QBT_large_gate_opt2_10_1.5_no.7.qasm,52,300,119,24,1.2017,20,25,1.25
_53QBT_small_gate_opt2_25_1.5_no.8.qasm,53,371,147,57,1.3878,35,49,1.4
_53QBT_large_gate_opt1_20_1.5_no.3.qasm,53,1024,408,51,1.125,85,94,1.1059
_53QBT_large_gate_opt1_3_1.5_no.8.qasm,49,181,72,9,1.125,15,17,1.1333
_53QBT_large_gate_opt2_1_1.5_no.3.qasm,43,108,43,6,1.1395,8,11,1.375
_53QBT_small_gate_opt2_3_1.5_no.5.qasm,39,78,31,9,1.2903,12,20,1.6667
_53QBT_small_gate_opt1_0_1.5_no.1.qasm,17,25,10,0,1.0,4,4,1.0
_53QBT_large_gate_opt1_2_1.5_no.7.qasm,50,146,58,6,1.1034,12,15,1.25
_53QBT_large_gate_opt1_0_1.5_no.9.qasm,25,50,20,0,1.0,6,6,1.0
_53QBT_large_gate_opt1_10_1.5_no.9.qasm,53,537,214,18,1.0841,35,42,1.2
_53QBT_small_gate_opt2_15_1.5_no.2.qasm,49,243,96,42,1.4375,20,29,1.45
_53QBT_small_gate_opt1_25_1.5_no.6.qasm,53,650,258,57,1.2209,51,74,1.451
_53QBT_large_gate_opt1_5_1.5_no.6.qasm,53,279,111,15,1.1351,24,30,1.25
_53QBT_large_gate_opt1_15_1.5_no.6.qasm,53,763,304,36,1.1184,48,60,1.25
_53QBT_large_gate_opt2_25_1.5_no.2.qasm,53,651,259,66,1.2548,47,61,1.2979
_53QBT_small_gate_opt1_20_1.5_no.9.qasm,53,545,215,48,1.2233,41,56,1.3659
_53QBT_small_gate_opt2_4_1.5_no.4.qasm,35,81,32,12,1.375,12,17,1.4167
