name,num_qbt,num_gate,num_cx,num_+real_cx,cx_ratio,in_depth,out_depth,depth_ratio
_53QBT_large_depth_opt_2_1.5_no.3.qasm,48,291,115,48,1.4174,16,23,1.4375
_53QBT_small_depth_opt_4_2.55_no.3.qasm,40,265,90,93,2.0333,24,32,1.3333
_53QBT_small_depth_opt_5_2.55_no.2.qasm,47,390,118,171,2.4492,32,45,1.4062
_53QBT_large_depth_opt_5_1.5_no.2.qasm,51,564,225,147,1.6533,38,51,1.3421
_53QBT_small_depth_opt_1_2.55_no.4.qasm,23,109,40,18,1.45,14,18,1.2857
_53QBT_large_depth_opt_3_2.55_no.5.qasm,48,485,173,84,1.4855,30,41,1.3667
_53QBT_small_depth_opt_10_1.5_no.5.qasm,52,539,220,402,2.8273,46,72,1.5652
_53QBT_small_depth_opt_10_2.55_no.9.qasm,52,667,214,366,2.7103,53,79,1.4906
_53QBT_large_depth_opt_4_2.55_no.9.qasm,51,581,202,129,1.6386,35,52,1.4857
_53QBT_small_depth_opt_4_1.5_no.5.qasm,44,230,101,93,1.9208,18,30,1.6667
_53QBT_small_depth_opt_3_1.5_no.4.qasm,35,183,65,78,2.2,19,23,1.2105
_53QBT_large_depth_opt_1_1.5_no.2.qasm,42,211,79,15,1.1899,12,16,1.3333
_53QBT_large_depth_opt_2_2.55_no.4.qasm,47,377,145,102,1.7034,23,29,1.2609
_53QBT_large_depth_opt_5_2.55_no.8.qasm,52,640,215,153,1.7116,37,53,1.4324
_53QBT_small_depth_opt_3_2.55_no.3.qasm,37,227,77,84,2.0909,24,29,1.2083
_53QBT_large_depth_opt_1_2.55_no.2.qasm,41,210,69,15,1.2174,13,16,1.2308
_53QBT_small_depth_opt_2_1.5_no.7.qasm,33,140,59,24,1.4068,15,16,1.0667
_53QBT_large_depth_opt_10_1.5_no.3.qasm,53,1033,421,414,1.9834,66,102,1.5455
_53QBT_small_depth_opt_5_1.5_no.6.qasm,47,317,121,189,2.562,29,43,1.4828
_53QBT_small_depth_opt_2_2.55_no.2.qasm,29,196,71,24,1.338,22,29,1.3182
_53QBT_large_depth_opt_10_2.55_no.2.qasm,53,1411,500,393,1.786,83,115,1.3855
_53QBT_small_depth_opt_1_2.55_no.8.qasm,26,126,43,9,1.2093,13,16,1.2308
_53QBT_large_depth_opt_3_2.55_no.9.qasm,49,520,186,105,1.5645,31,40,1.2903
_53QBT_large_depth_opt_4_1.5_no.1.qasm,52,496,209,126,1.6029,31,40,1.2903
_53QBT_large_depth_opt_4_2.55_no.5.qasm,52,555,177,138,1.7797,33,43,1.303
_53QBT_small_depth_opt_4_1.5_no.9.qasm,40,215,78,54,1.6923,19,24,1.2632
_53QBT_small_depth_opt_10_2.55_no.5.qasm,51,651,215,396,2.8419,54,73,1.3519
_53QBT_small_depth_opt_10_1.5_no.9.qasm,53,546,226,360,2.5929,38,66,1.7368
_53QBT_large_depth_opt_2_2.55_no.8.qasm,46,318,92,24,1.2609,20,24,1.2
_53QBT_small_depth_opt_3_1.5_no.8.qasm,37,177,68,72,2.0588,19,28,1.4737
_53QBT_large_depth_opt_3_1.5_no.0.qasm,49,423,180,99,1.55,27,38,1.4074
_53QBT_large_depth_opt_5_2.55_no.4.qasm,53,706,235,156,1.6638,41,57,1.3902
_53QBT_small_depth_opt_1_1.5_no.6.qasm,31,114,51,15,1.2941,10,11,1.1
_53QBT_large_depth_opt_3_1.5_no.1.qasm,49,374,154,120,1.7792,25,37,1.48
_53QBT_small_depth_opt_1_1.5_no.7.qasm,24,74,31,21,1.6774,9,12,1.3333
_53QBT_large_depth_opt_5_2.55_no.5.qasm,52,731,229,150,1.655,40,56,1.4
_53QBT_small_depth_opt_3_1.5_no.9.qasm,37,183,80,84,2.05,19,26,1.3684
_53QBT_large_depth_opt_2_2.55_no.9.qasm,46,348,115,66,1.5739,21,28,1.3333
_53QBT_small_depth_opt_10_1.5_no.8.qasm,50,516,209,294,2.4067,35,62,1.7714
_53QBT_large_depth_opt_4_2.55_no.4.qasm,51,597,216,150,1.6944,37,50,1.3514
_53QBT_small_depth_opt_4_1.5_no.8.qasm,41,218,91,117,2.2857,18,30,1.6667
_53QBT_small_depth_opt_10_2.55_no.4.qasm,52,672,232,411,2.7716,59,78,1.322
_53QBT_large_depth_opt_4_1.5_no.0.qasm,49,489,186,129,1.6935,32,48,1.5
_53QBT_small_depth_opt_1_2.55_no.9.qasm,26,92,28,24,1.8571,10,13,1.3
_53QBT_large_depth_opt_3_2.55_no.8.qasm,51,524,187,96,1.5134,30,41,1.3667
_53QBT_large_depth_opt_10_2.55_no.3.qasm,53,1336,433,339,1.7829,78,113,1.4487
_53QBT_small_depth_opt_5_1.5_no.7.qasm,46,297,121,207,2.7107,25,37,1.48
_53QBT_small_depth_opt_2_2.55_no.3.qasm,32,184,54,54,2.0,17,25,1.4706
_53QBT_small_depth_opt_2_1.5_no.6.qasm,34,138,50,51,2.02,13,16,1.2308
_53QBT_large_depth_opt_10_1.5_no.2.qasm,53,1101,424,357,1.842,68,93,1.3676
_53QBT_small_depth_opt_3_2.55_no.2.qasm,41,241,83,87,2.0482,22,27,1.2273
_53QBT_large_depth_opt_1_2.55_no.3.qasm,40,211,70,24,1.3429,13,17,1.3077
_53QBT_large_depth_opt_5_2.55_no.9.qasm,52,733,242,201,1.8306,43,62,1.4419
_53QBT_large_depth_opt_2_2.55_no.5.qasm,48,358,117,63,1.5385,21,28,1.3333
_53QBT_small_depth_opt_3_1.5_no.5.qasm,43,186,77,84,2.0909,15,23,1.5333
_53QBT_large_depth_opt_1_1.5_no.3.qasm,43,161,67,18,1.2687,10,13,1.3
_53QBT_small_depth_opt_10_2.55_no.8.qasm,49,694,215,309,2.4372,55,74,1.3455
_53QBT_large_depth_opt_4_2.55_no.8.qasm,50,628,222,141,1.6351,37,51,1.3784
_53QBT_small_depth_opt_4_1.5_no.4.qasm,43,242,87,150,2.7241,21,34,1.619
_53QBT_small_depth_opt_10_1.5_no.4.qasm,53,529,224,390,2.7411,45,75,1.6667
_53QBT_small_depth_opt_1_2.55_no.5.qasm,24,119,40,12,1.3,13,16,1.2308
_53QBT_large_depth_opt_3_2.55_no.4.qasm,52,470,147,75,1.5102,29,41,1.4138
_53QBT_large_depth_opt_5_1.5_no.3.qasm,51,560,231,189,1.8182,36,60,1.6667
_53QBT_small_depth_opt_5_2.55_no.3.qasm,48,420,141,141,2.0,41,55,1.3415
_53QBT_small_depth_opt_4_2.55_no.2.qasm,42,338,121,75,1.6198,33,39,1.1818
_53QBT_large_depth_opt_2_1.5_no.2.qasm,44,297,114,75,1.6579,18,25,1.3889
_53QBT_large_depth_opt_2_1.5_no.9.qasm,49,302,120,63,1.525,18,23,1.2778
_53QBT_small_depth_opt_3_2.55_no.5.qasm,36,205,71,72,2.0141,21,25,1.1905
_53QBT_large_depth_opt_1_2.55_no.4.qasm,38,230,81,21,1.2593,14,18,1.2857
_53QBT_large_depth_opt_10_1.5_no.5.qasm,53,1011,410,417,2.0171,61,93,1.5246
_53QBT_small_depth_opt_2_1.5_no.1.qasm,37,146,56,36,1.6429,14,23,1.6429
_53QBT_small_depth_opt_4_2.55_no.9.qasm,43,292,96,126,2.3125,26,38,1.4615
_53QBT_small_depth_opt_2_2.55_no.4.qasm,31,175,55,36,1.6545,21,24,1.1429
_53QBT_small_depth_opt_5_1.5_no.0.qasm,42,320,130,147,2.1308,26,38,1.4615
_53QBT_large_depth_opt_5_1.5_no.8.qasm,53,553,236,138,1.5847,33,47,1.4242
_53QBT_large_depth_opt_10_2.55_no.4.qasm,53,1326,460,411,1.8935,79,108,1.3671
_53QBT_small_depth_opt_5_2.55_no.8.qasm,40,373,124,156,2.2581,34,50,1.4706
_53QBT_large_depth_opt_4_1.5_no.7.qasm,52,443,180,90,1.5,28,42,1.5
_53QBT_small_depth_opt_10_2.55_no.3.qasm,52,699,239,330,2.3808,55,70,1.2727
_53QBT_large_depth_opt_4_2.55_no.3.qasm,52,617,202,153,1.7574,37,51,1.3784
_53QBT_large_depth_opt_1_1.5_no.8.qasm,45,208,94,15,1.1596,12,15,1.25
_53QBT_large_depth_opt_3_1.5_no.6.qasm,50,353,130,108,1.8308,23,33,1.4348
_53QBT_large_depth_opt_5_2.55_no.2.qasm,52,792,273,162,1.5934,46,59,1.2826
_53QBT_small_depth_opt_1_1.5_no.0.qasm,23,75,29,12,1.4138,9,12,1.3333
_53QBT_large_depth_opt_2_1.5_no.5.qasm,45,282,106,51,1.4811,19,25,1.3158
_53QBT_small_depth_opt_3_2.55_no.9.qasm,37,199,60,78,2.3,21,28,1.3333
_53QBT_large_depth_opt_1_2.55_no.8.qasm,40,245,82,18,1.2195,14,17,1.2143
_53QBT_small_depth_opt_4_2.55_no.5.qasm,37,272,88,132,2.5,30,38,1.2667
_53QBT_large_depth_opt_10_1.5_no.9.qasm,53,1116,459,345,1.7516,63,84,1.3333
_53QBT_small_depth_opt_2_2.55_no.8.qasm,32,163,55,42,1.7636,17,20,1.1765
_53QBT_large_depth_opt_10_2.55_no.8.qasm,53,1302,429,324,1.7552,74,100,1.3514
_53QBT_small_depth_opt_5_2.55_no.4.qasm,47,396,140,153,2.0929,39,53,1.359
_53QBT_large_depth_opt_5_1.5_no.4.qasm,51,612,256,183,1.7148,40,56,1.4
_53QBT_small_depth_opt_1_2.55_no.2.qasm,22,107,33,15,1.4545,11,15,1.3636
_53QBT_large_depth_opt_3_2.55_no.3.qasm,49,582,199,153,1.7688,37,50,1.3514
_53QBT_small_depth_opt_10_1.5_no.3.qasm,51,480,199,354,2.7789,44,79,1.7955
_53QBT_small_depth_opt_4_1.5_no.3.qasm,44,210,86,147,2.7093,22,30,1.3636
_53QBT_small_depth_opt_3_1.5_no.2.qasm,36,160,64,81,2.2656,20,22,1.1
_53QBT_large_depth_opt_1_1.5_no.4.qasm,41,207,86,21,1.2442,13,16,1.2308
_53QBT_large_depth_opt_2_2.55_no.2.qasm,49,371,128,69,1.5391,21,27,1.2857
_53QBT_large_depth_opt_2_2.55_no.3.qasm,49,377,132,45,1.3409,22,27,1.2273
_53QBT_small_depth_opt_3_1.5_no.3.qasm,40,218,88,96,2.0909,17,26,1.5294
_53QBT_large_depth_opt_1_1.5_no.5.qasm,40,178,73,36,1.4932,11,15,1.3636
_53QBT_small_depth_opt_4_1.5_no.2.qasm,43,227,88,132,2.5,21,29,1.381
_53QBT_small_depth_opt_10_1.5_no.2.qasm,52,492,202,327,2.6188,39,66,1.6923
_53QBT_small_depth_opt_1_2.55_no.3.qasm,23,110,36,15,1.4167,14,16,1.1429
_53QBT_large_depth_opt_3_2.55_no.2.qasm,50,475,159,96,1.6038,28,41,1.4643
_53QBT_large_depth_opt_5_1.5_no.5.qasm,52,591,246,168,1.6829,36,45,1.25
_53QBT_large_depth_opt_10_2.55_no.9.qasm,53,1425,517,303,1.5861,86,107,1.2442
_53QBT_small_depth_opt_5_2.55_no.5.qasm,47,347,112,207,2.8482,34,52,1.5294
_53QBT_small_depth_opt_2_2.55_no.9.qasm,34,175,56,45,1.8036,18,21,1.1667
_53QBT_large_depth_opt_10_1.5_no.8.qasm,53,1002,395,408,2.0329,61,91,1.4918
_53QBT_small_depth_opt_4_2.55_no.4.qasm,40,261,79,153,2.9367,28,33,1.1786
_53QBT_large_depth_opt_2_1.5_no.4.qasm,48,315,132,60,1.4545,19,27,1.4211
_53QBT_small_depth_opt_3_2.55_no.8.qasm,42,285,103,102,1.9903,28,34,1.2143
_53QBT_large_depth_opt_1_2.55_no.9.qasm,41,222,83,30,1.3614,13,19,1.4615
_53QBT_large_depth_opt_3_1.5_no.7.qasm,51,414,164,102,1.622,24,33,1.375
_53QBT_small_depth_opt_1_1.5_no.1.qasm,24,83,32,9,1.2812,9,10,1.1111
_53QBT_large_depth_opt_5_2.55_no.3.qasm,51,735,257,204,1.7938,45,75,1.6667
_53QBT_large_depth_opt_1_1.5_no.9.qasm,40,164,57,15,1.2632,10,14,1.4
_53QBT_small_depth_opt_10_2.55_no.2.qasm,52,692,231,348,2.5065,66,85,1.2879
_53QBT_large_depth_opt_4_2.55_no.2.qasm,53,576,192,120,1.625,35,47,1.3429
_53QBT_large_depth_opt_4_1.5_no.6.qasm,51,468,195,117,1.6,29,43,1.4828
_53QBT_large_depth_opt_10_2.55_no.5.qasm,53,1300,435,333,1.7655,74,104,1.4054
_53QBT_small_depth_opt_5_2.55_no.9.qasm,42,334,116,180,2.5517,34,53,1.5588
_53QBT_large_depth_opt_5_1.5_no.9.qasm,53,566,225,129,1.5733,34,44,1.2941
_53QBT_small_depth_opt_2_2.55_no.5.qasm,32,223,77,57,1.7403,22,26,1.1818
_53QBT_small_depth_opt_5_1.5_no.1.qasm,45,286,113,147,2.3009,28,42,1.5
_53QBT_small_depth_opt_4_2.55_no.8.qasm,46,276,78,123,2.5769,25,39,1.56
_53QBT_large_depth_opt_10_1.5_no.4.qasm,53,985,409,324,1.7922,61,90,1.4754
_53QBT_small_depth_opt_2_1.5_no.0.qasm,33,140,53,60,2.1321,16,19,1.1875
_53QBT_large_depth_opt_2_1.5_no.8.qasm,52,266,110,60,1.5455,16,21,1.3125
_53QBT_small_depth_opt_3_2.55_no.4.qasm,40,256,88,96,2.0909,27,33,1.2222
_53QBT_large_depth_opt_1_2.55_no.5.qasm,42,245,85,36,1.4235,14,17,1.2143
_53QBT_small_depth_opt_1_1.5_no.2.qasm,27,107,46,36,1.7826,11,14,1.2727
_53QBT_large_depth_opt_5_2.55_no.0.qasm,52,715,253,177,1.6996,42,57,1.3571
_53QBT_large_depth_opt_3_1.5_no.4.qasm,51,353,149,99,1.6644,22,31,1.4091
_53QBT_large_depth_opt_4_2.55_no.1.qasm,52,626,193,123,1.6373,39,52,1.3333
_53QBT_small_depth_opt_10_2.55_no.1.qasm,52,654,215,429,2.9953,46,74,1.6087
_53QBT_large_depth_opt_4_1.5_no.5.qasm,51,465,189,114,1.6032,28,41,1.4643
_53QBT_large_depth_opt_10_2.55_no.6.qasm,53,1298,445,318,1.7146,76,101,1.3289
_53QBT_small_depth_opt_5_1.5_no.2.qasm,47,292,125,192,2.536,31,46,1.4839
_53QBT_small_depth_opt_2_2.55_no.6.qasm,33,166,48,42,1.875,18,22,1.2222
_53QBT_small_depth_opt_2_1.5_no.3.qasm,31,119,49,36,1.7347,13,19,1.4615
_53QBT_large_depth_opt_10_1.5_no.7.qasm,53,1080,444,354,1.7973,63,88,1.3968
_53QBT_large_depth_opt_1_2.55_no.6.qasm,42,254,80,21,1.2625,15,19,1.2667
_53QBT_small_depth_opt_3_2.55_no.7.qasm,42,256,86,93,2.0814,20,30,1.5
_53QBT_large_depth_opt_3_1.5_no.8.qasm,50,343,123,69,1.561,21,27,1.2857
_53QBT_large_depth_opt_2_2.55_no.0.qasm,49,397,144,60,1.4167,22,29,1.3182
_53QBT_large_depth_opt_1_1.5_no.6.qasm,41,171,66,15,1.2273,12,16,1.3333
_53QBT_small_depth_opt_3_1.5_no.0.qasm,38,215,83,84,2.012,21,28,1.3333
_53QBT_small_depth_opt_4_1.5_no.1.qasm,44,226,84,129,2.5357,24,42,1.75
_53QBT_small_depth_opt_10_1.5_no.1.qasm,52,454,181,303,2.674,39,56,1.4359
_53QBT_large_depth_opt_3_2.55_no.1.qasm,51,465,155,108,1.6968,30,42,1.4
_53QBT_small_depth_opt_1_2.55_no.0.qasm,29,124,40,18,1.45,12,14,1.1667
_53QBT_large_depth_opt_4_1.5_no.9.qasm,52,502,198,147,1.7424,28,40,1.4286
_53QBT_large_depth_opt_5_1.5_no.6.qasm,51,572,227,192,1.8458,35,53,1.5143
_53QBT_small_depth_opt_5_2.55_no.6.qasm,47,404,136,156,2.1471,32,39,1.2188
_53QBT_small_depth_opt_4_2.55_no.7.qasm,43,335,118,105,1.8898,36,44,1.2222
_53QBT_large_depth_opt_2_1.5_no.7.qasm,48,280,112,48,1.4286,17,24,1.4118
_53QBT_large_depth_opt_2_1.5_no.6.qasm,49,254,107,78,1.729,15,21,1.4
_53QBT_small_depth_opt_4_2.55_no.6.qasm,45,348,121,114,1.9421,32,42,1.3125
_53QBT_small_depth_opt_5_2.55_no.7.qasm,43,430,125,120,1.96,33,39,1.1818
_53QBT_large_depth_opt_5_1.5_no.7.qasm,52,512,202,162,1.802,32,44,1.375
_53QBT_large_depth_opt_4_1.5_no.8.qasm,51,410,164,102,1.622,24,38,1.5833
_53QBT_large_depth_opt_3_2.55_no.0.qasm,51,462,176,66,1.375,28,35,1.25
_53QBT_small_depth_opt_1_2.55_no.1.qasm,23,124,40,3,1.075,14,14,1.0
_53QBT_small_depth_opt_10_1.5_no.0.qasm,51,554,210,303,2.4429,46,71,1.5435
_53QBT_small_depth_opt_4_1.5_no.0.qasm,44,249,95,129,2.3579,25,32,1.28
_53QBT_large_depth_opt_1_1.5_no.7.qasm,39,177,70,30,1.4286,11,15,1.3636
_53QBT_small_depth_opt_3_1.5_no.1.qasm,40,188,75,69,1.92,14,27,1.9286
_53QBT_large_depth_opt_2_2.55_no.1.qasm,46,333,106,51,1.4811,19,25,1.3158
_53QBT_large_depth_opt_3_1.5_no.9.qasm,53,377,148,75,1.5068,23,29,1.2609
_53QBT_large_depth_opt_1_2.55_no.7.qasm,40,222,72,24,1.3333,13,16,1.2308
_53QBT_small_depth_opt_3_2.55_no.6.qasm,36,282,99,69,1.697,28,40,1.4286
_53QBT_small_depth_opt_2_1.5_no.2.qasm,29,130,45,15,1.3333,15,17,1.1333
_53QBT_large_depth_opt_10_1.5_no.6.qasm,53,1051,418,375,1.8971,63,94,1.4921
_53QBT_small_depth_opt_5_1.5_no.3.qasm,49,266,110,153,2.3909,24,37,1.5417
_53QBT_small_depth_opt_2_2.55_no.7.qasm,40,187,59,39,1.661,17,17,1.0
_53QBT_large_depth_opt_10_2.55_no.7.qasm,53,1422,507,351,1.6923,81,120,1.4815
_53QBT_large_depth_opt_4_1.5_no.4.qasm,51,458,192,84,1.4375,27,37,1.3704
_53QBT_large_depth_opt_4_2.55_no.0.qasm,52,624,215,138,1.6419,36,53,1.4722
_53QBT_small_depth_opt_10_2.55_no.0.qasm,53,702,233,318,2.3648,48,72,1.5
_53QBT_large_depth_opt_5_2.55_no.1.qasm,52,675,235,150,1.6383,41,53,1.2927
_53QBT_small_depth_opt_1_1.5_no.3.qasm,24,105,42,9,1.2143,12,15,1.25
_53QBT_large_depth_opt_3_1.5_no.5.qasm,51,347,140,99,1.7071,20,30,1.5
_53QBT_small_depth_opt_1_1.5_no.8.qasm,19,76,29,3,1.1034,11,14,1.2727
_53QBT_large_depth_opt_2_2.55_no.6.qasm,46,341,124,66,1.5323,19,24,1.2632
_53QBT_large_depth_opt_1_1.5_no.0.qasm,39,181,67,30,1.4478,10,14,1.4
_53QBT_small_depth_opt_3_1.5_no.6.qasm,34,178,69,69,2.0,18,25,1.3889
_53QBT_small_depth_opt_4_1.5_no.7.qasm,45,247,104,132,2.2692,24,35,1.4583
_53QBT_small_depth_opt_10_1.5_no.7.qasm,52,543,226,258,2.1416,43,68,1.5814
_53QBT_large_depth_opt_3_2.55_no.7.qasm,49,471,155,75,1.4839,28,38,1.3571
_53QBT_small_depth_opt_1_2.55_no.6.qasm,30,135,49,24,1.4898,12,16,1.3333
_53QBT_large_depth_opt_5_1.5_no.0.qasm,51,513,198,174,1.8788,32,51,1.5938
_53QBT_small_depth_opt_5_2.55_no.0.qasm,42,367,117,141,2.2051,39,49,1.2564
_53QBT_small_depth_opt_5_1.5_no.8.qasm,45,285,109,159,2.4587,25,41,1.64
_53QBT_small_depth_opt_2_1.5_no.9.qasm,37,176,79,75,1.9494,18,24,1.3333
_53QBT_small_depth_opt_4_2.55_no.1.qasm,46,285,95,144,2.5158,22,29,1.3182
_53QBT_large_depth_opt_2_1.5_no.1.qasm,48,256,100,54,1.54,15,22,1.4667
_53QBT_small_depth_opt_1_1.5_no.4.qasm,30,80,32,15,1.4688,8,11,1.375
_53QBT_large_depth_opt_5_2.55_no.6.qasm,53,741,245,198,1.8082,44,59,1.3409
_53QBT_large_depth_opt_3_1.5_no.2.qasm,48,424,167,66,1.3952,27,34,1.2593
_53QBT_small_depth_opt_10_2.55_no.7.qasm,52,678,221,381,2.724,45,71,1.5778
_53QBT_large_depth_opt_4_2.55_no.7.qasm,51,602,223,126,1.565,37,52,1.4054
_53QBT_large_depth_opt_4_1.5_no.3.qasm,52,508,209,102,1.488,29,42,1.4483
_53QBT_large_depth_opt_10_2.55_no.0.qasm,53,1314,447,396,1.8859,80,105,1.3125
_53QBT_small_depth_opt_2_2.55_no.0.qasm,29,180,57,45,1.7895,19,22,1.1579
_53QBT_small_depth_opt_5_1.5_no.4.qasm,45,293,120,165,2.375,28,47,1.6786
_53QBT_large_depth_opt_10_1.5_no.1.qasm,53,1163,453,333,1.7351,70,103,1.4714
_53QBT_small_depth_opt_2_1.5_no.5.qasm,31,157,65,54,1.8308,16,22,1.375
_53QBT_large_depth_opt_1_2.55_no.0.qasm,40,302,104,9,1.0865,18,22,1.2222
_53QBT_small_depth_opt_3_2.55_no.1.qasm,34,272,92,111,2.2065,28,37,1.3214
_53QBT_large_depth_opt_1_2.55_no.1.qasm,41,216,68,18,1.2647,13,17,1.3077
_53QBT_small_depth_opt_3_2.55_no.0.qasm,36,227,80,84,2.05,23,28,1.2174
_53QBT_large_depth_opt_10_1.5_no.0.qasm,53,1085,440,354,1.8045,67,100,1.4925
_53QBT_small_depth_opt_2_1.5_no.4.qasm,32,130,56,51,1.9107,15,19,1.2667
_53QBT_small_depth_opt_2_2.55_no.1.qasm,33,167,55,51,1.9273,17,27,1.5882
_53QBT_small_depth_opt_5_1.5_no.5.qasm,46,257,101,165,2.6337,24,38,1.5833
_53QBT_large_depth_opt_10_2.55_no.1.qasm,53,1241,413,351,1.8499,70,104,1.4857
_53QBT_large_depth_opt_4_1.5_no.2.qasm,53,493,187,192,2.0267,28,42,1.5
_53QBT_small_depth_opt_10_2.55_no.6.qasm,52,718,226,387,2.7124,53,80,1.5094
_53QBT_large_depth_opt_4_2.55_no.6.qasm,51,629,216,78,1.3611,39,55,1.4103
_53QBT_large_depth_opt_5_2.55_no.7.qasm,52,737,261,195,1.7471,47,65,1.383
_53QBT_small_depth_opt_1_1.5_no.5.qasm,30,118,47,12,1.2553,11,15,1.3636
_53QBT_large_depth_opt_3_1.5_no.3.qasm,50,363,147,99,1.6735,24,33,1.375
_53QBT_large_depth_opt_2_1.5_no.0.qasm,46,279,118,39,1.3305,16,23,1.4375
_53QBT_small_depth_opt_4_2.55_no.0.qasm,43,276,96,159,2.6562,25,36,1.44
_53QBT_small_depth_opt_2_1.5_no.8.qasm,33,117,45,66,2.4667,13,20,1.5385
_53QBT_small_depth_opt_5_1.5_no.9.qasm,48,273,120,153,2.275,23,31,1.3478
_53QBT_small_depth_opt_5_2.55_no.1.qasm,47,357,110,165,2.5,29,40,1.3793
_53QBT_large_depth_opt_5_1.5_no.1.qasm,53,564,242,180,1.7438,34,46,1.3529
_53QBT_large_depth_opt_3_2.55_no.6.qasm,48,497,174,87,1.5,29,35,1.2069
_53QBT_small_depth_opt_1_2.55_no.7.qasm,25,99,36,9,1.25,11,13,1.1818
_53QBT_small_depth_opt_10_1.5_no.6.qasm,50,488,191,312,2.6335,40,58,1.45
_53QBT_small_depth_opt_4_1.5_no.6.qasm,41,214,79,105,2.3291,20,32,1.6
_53QBT_large_depth_opt_1_1.5_no.1.qasm,43,198,83,18,1.2169,12,15,1.25
_53QBT_small_depth_opt_3_1.5_no.7.qasm,40,181,72,90,2.25,18,24,1.3333
_53QBT_large_depth_opt_2_2.55_no.7.qasm,47,327,119,69,1.5798,22,29,1.3182
_53QBT_small_depth_opt_1_1.5_no.9.qasm,25,89,38,18,1.4737,10,14,1.4
